prompt,intent
set column formats,fix_data_types
sing for me,unknown_intent
identical rows should be remove,remove_duplicates
change dtypes to int in the dataset,fix_data_types
derive custom engineered features,feature_engineering
fry a letter,unknown_intent
convert categories with one-hot encoding,encode_categorical
convert categorical data to numerical values in id column,encode_categorical
i like to stir,unknown_intent
correct dtypes for rating,fix_data_types
convert non-numeric columns with frequency encoding in dataframe,encode_categorical
find relevant significant features with user_id as target,feature_selection
talk a cake,unknown_intent
address nulls in data,handle_missing_values
fill empty cells by forward fill,handle_missing_values
change all text columns,encode_categorical
don't preserve extreme points,keep_outliers
filter out extreme points by percentile in column age,detect_outliers
duplicate rows should be eliminate,remove_duplicates
using standard deviation to identify abnormal data,detect_outliers
normalize all numeric variables,scale_numerical
turn non-numeric columns with binary encoding,encode_categorical
column types should be transform,fix_data_types
discard all repeated entries,remove_duplicates
remove all duplicate data,remove_duplicates
clean text mistakes in the dataset,correct_spelling
save anomalies for investigation,keep_outliers
turn non-numeric columns in years_experience column,encode_categorical
repair text errors across all text,correct_spelling
change column types to datetime in the dataset,fix_data_types
normalize all numerical values,scale_numerical
identify significant features for classification,feature_selection
can you scrub,unknown_intent
by mode for missing values,handle_missing_values
clean text text mistakes,correct_spelling
delete all duplicate rows,remove_duplicates
adjust data formats to string,fix_data_types
cast column formats,fix_data_types
cast types to boolean in the dataset,fix_data_types
create feature variables from existing columns for prediction,feature_engineering
transform category columns to numeric in column name,encode_categorical
replace undefined values using mode in column age,handle_missing_values
eliminate irregular entries,remove_inconsistencies
keep anomalies intact,keep_outliers
deal with NA values by mode in column years_experience,handle_missing_values
don't preserve outlier records,keep_outliers
adjust continuous features in rating column,scale_numerical
clean spelling in id column,correct_spelling
replace null values using mean in the dataset,handle_missing_values
extract features with feature crosses,feature_engineering
remove data inconsistencies,remove_inconsistencies
rectify typographical errors,correct_spelling
fix text mistakes in age column,correct_spelling
determine relevant significant features for target price,feature_selection
normalize numeric data with z-score in salary column,scale_numerical
correct all text mistakes,correct_spelling
maintain anomalies for further analysis,keep_outliers
adjust text spelling errors,correct_spelling
standardize numerical values using MinMax,scale_numerical
i need to mop,unknown_intent
remove inconsistent values in date formats,remove_inconsistencies
run feature selection using importance with name as target,feature_selection
handle nulls in column years_experience,handle_missing_values
unusual values must be retain,keep_outliers
design engineered features by interaction for analysis,feature_engineering
remove all extreme data points,detect_outliers
deal with missing values by dropping rows in numeric columns,handle_missing_values
generate new attributes for the model,feature_engineering
get predictors for analysis,feature_selection
construct custom feature variables,feature_engineering
convert types,fix_data_types
save outlier records in dataset,keep_outliers
fix contradictions across columns,remove_inconsistencies
develop new features using transformations,feature_engineering
determine top features for predicting age,feature_selection
what is tea,unknown_intent
transform types in id column,fix_data_types
convert all numeric features,scale_numerical
identify important features relevant to age,feature_selection
clean duplicate observations in the table,remove_duplicates
transform quantitative variables across all features,scale_numerical
correct type definitions to object,fix_data_types
i want to drive the top,unknown_intent
format values across dataset,standardize_data
apply to numeric to categorical columns,encode_categorical
correct field types across columns,fix_data_types
change datatypes in price column,fix_data_types
pick features for prediction,feature_selection
fill null values for column amount,handle_missing_values
by column score remove identical rows,remove_duplicates
rectify spelling in string columns,correct_spelling
where is the garage,unknown_intent
using normalization for numerical data,scale_numerical
amend text spelling,correct_spelling
retain unusual values untouched,keep_outliers
fix discrepancies in naming,remove_inconsistencies
rescale all numeric features,scale_numerical
engineer engineered features using domain knowledge,feature_engineering
fix text spelling,correct_spelling
process blank entries,handle_missing_values
standardize typographical errors in the dataset,correct_spelling
apply align to naming conventions,standardize_data
eliminate data inconsistencies in dataframe,remove_inconsistencies
change all text features,encode_categorical
correct datatypes,fix_data_types
regularize categories,standardize_data
change categorical data to numerical values,encode_categorical
do not remove outlier records,keep_outliers
change types to str,fix_data_types
detect outlier rows across all features,detect_outliers
engineer new attributes for the model,feature_engineering
delete identical rows from data,remove_duplicates
fill blank entries in the data,handle_missing_values
why is the table,unknown_intent
create engineered features from existing columns,feature_engineering
i want to walk the garage,unknown_intent
incorrect spellings should be clean,correct_spelling
to numerical values for non-numeric columns,encode_categorical
set types,fix_data_types
make consistent entries in dataframe,standardize_data
retain abnormal data unchanged,keep_outliers
keep outlier records,keep_outliers
regularize columns in dataframe,standardize_data
map categorical columns,encode_categorical
eliminate duplicate rows from data,remove_duplicates
run feature selection using wrapper method target=price,feature_selection
text errors should be adjust,correct_spelling
deal with inconsistencies,remove_inconsistencies
handle empty cells via mean imputation,handle_missing_values
apply using max-abs scaling to numeric features,scale_numerical
with constant value for null values,handle_missing_values
transform column formats in the dataset,fix_data_types
fill missing data,handle_missing_values
change column types in column income,fix_data_types
standardize numerical values with standard scaling for all numeric columns,scale_numerical
correct conflicting entries,remove_inconsistencies
leave outlier rows for further analysis,keep_outliers
don't retain unusual values,keep_outliers
abnormal data must be retain,keep_outliers
get attributes by RFE,feature_selection
change type definitions for all columns,fix_data_types
cast variable types to integer,fix_data_types
filter out and find anomalies,detect_outliers
identify attributes related to column salary,feature_selection
structure categories across dataset,standardize_data
convert column types to numeric,fix_data_types
using importance to get best features,feature_selection
convert string variables in salary column,encode_categorical
find top 5 attributes,feature_selection
identical rows should be discard,remove_duplicates
discard all duplicate records,remove_duplicates
discard outlier entries in numeric columns,detect_outliers
format categories in name column,standardize_data
by forward fill for NA values,handle_missing_values
transform numeric variables in age column,scale_numerical
standardize spelling errors in dataframe,correct_spelling
transform category columns,encode_categorical
align data to common format in dataframe,standardize_data
get top features,feature_selection
fix spelling mistakes in string columns,correct_spelling
rescale numerical values to 0-1 range in column years_experience,scale_numerical
discard redundant rows,remove_duplicates
write for me,unknown_intent
filter out abnormal data using standard deviation,detect_outliers
engineer custom new attributes,feature_engineering
let us cook,unknown_intent
by dropping rows for empty entries,handle_missing_values
scale numeric columns using max-abs scaling for all numeric columns,scale_numerical
construct additional features,feature_engineering
correct spelling errors in string columns,correct_spelling
adjust text mistakes in text columns,correct_spelling
create derived features using polynomial features for analysis,feature_engineering
turn text features with frequency encoding in the dataset,encode_categorical
deduplicate repeated records,remove_duplicates
translate string categories using label encoding in dataframe,encode_categorical
pick top-k relevant features,feature_selection
fix NA values by backward fill,handle_missing_values
NA values should be treat,handle_missing_values
fill all missing values,handle_missing_values
change data formats to date in column id,fix_data_types
eliminate mismatches in column salary,remove_inconsistencies
encode categorical features in the dataset,encode_categorical
duplicate data should be clean,remove_duplicates
standardize categories,standardize_data
clean data conflicts in categories,remove_inconsistencies
deal with inconsistent data,remove_inconsistencies
map all categorical data,encode_categorical
construct custom features,feature_engineering
using 3-sigma rule to filter out extreme observations,detect_outliers
what is the garden,unknown_intent
where is a message,unknown_intent
clean inconsistent data in formats,remove_inconsistencies
normalize numeric variables with z-score,scale_numerical
impute missing entries with interpolation in the data,handle_missing_values
remove repeated entries by column id,remove_duplicates
remove data conflicting entries,remove_inconsistencies
delete extreme values with MAD method,detect_outliers
standardize numeric columns for all numeric columns,scale_numerical
to 0-1 range for numerical values,scale_numerical
discard duplicate records from data,remove_duplicates
standardize numeric columns using normalization in income column,scale_numerical
transform type definitions in dataframe,fix_data_types
structure all columns,standardize_data
normalize numeric features with StandardScaler in column years_experience,scale_numerical
extreme points must be retain,keep_outliers
convert non-numeric columns with one-hot encoding in name column,encode_categorical
clean all irregular entries,remove_inconsistencies
amend spelling in string columns,correct_spelling
exclude outlier records across all features,detect_outliers
standardize all numerical values,scale_numerical
manage missing entries with median,handle_missing_values
harmonize text across columns,standardize_data
extract top-k relevant features,feature_selection
using max-abs scaling for numeric data,scale_numerical
discard and identify outlier rows,detect_outliers
unify data,standardize_data
make consistent categories by convention,standardize_data
drop extreme observations by statistical method from income,detect_outliers
design derived features,feature_engineering
turn categories to numeric,encode_categorical
discard all repeated rows,remove_duplicates
turn string variables to numerical values in column category,encode_categorical
clean data inconsistencies in the dataset,remove_inconsistencies
outliers should be don't remove,keep_outliers
can you drive my face,unknown_intent
what about tea,unknown_intent
address empty entries by dropping rows in numeric columns,handle_missing_values
deal with empty entries in data,handle_missing_values
set datatypes to datetime in dataframe,fix_data_types
how to vacuum,unknown_intent
discrepancies should be fix,remove_inconsistencies
translate categories in dataframe,encode_categorical
using min-max scaling for numerical data,scale_numerical
anomalies should be keep,keep_outliers
show me water,unknown_intent
convert field types to int,fix_data_types
empty cells should be fix,handle_missing_values
make formats consistent,standardize_data
types should be set,fix_data_types
get relevant attributes using age as target,feature_selection
what is a game,unknown_intent
tell me about my car,unknown_intent
what about the car,unknown_intent
discard outlier records with z-score from the data,detect_outliers
correct column types,fix_data_types
encode non-numeric columns with one-hot encoding in the dataset,encode_categorical
impute NaNs in the data,handle_missing_values
abnormal data should be retain,keep_outliers
retain anomalies for analysis,keep_outliers
adjust continuous features using min-max scaling,scale_numerical
identify top 5 predictors,feature_selection
don't keep extreme points,keep_outliers
filter out all extreme observations,detect_outliers
how does a message work,unknown_intent
to 0-1 range for numerical features,scale_numerical
mismatches should be clean,remove_inconsistencies
correct all typos,correct_spelling
convert variable types to string,fix_data_types
build features from existing columns for analysis,feature_engineering
correct text text mistakes,correct_spelling
outliers must be don't delete,keep_outliers
using wrapper method to determine best attributes,feature_selection
duplicate rows should be get rid of,remove_duplicates
regularize naming conventions to common format in score column,standardize_data
cast column types in the dataset,fix_data_types
why is the house,unknown_intent
convert numerical features with StandardScaler,scale_numerical
standardize typos in text columns,correct_spelling
ensure correct field types,fix_data_types
scale numerical features in category column,scale_numerical
correct text misspellings,correct_spelling
time to buy,unknown_intent
address inconsistencies in naming,remove_inconsistencies
encode categories,encode_categorical
transform column formats to integer for all columns,fix_data_types
make consistent date formats in price column,standardize_data
what about the house,unknown_intent
don't remove all unusual values,keep_outliers
normalize numeric variables,scale_numerical
cast data types for price,fix_data_types
filter repeated rows,remove_duplicates
don't maintain anomalies,keep_outliers
to 0-1 range for numerical data,scale_numerical
fill undefined values,handle_missing_values
handle data conflicts in price column,remove_inconsistencies
how to organize,unknown_intent
get rid of duplicate entries from data,remove_duplicates
correct inconsistent data in values,remove_inconsistencies
extract important features target=rating,feature_selection
delete outliers with isolation forest,detect_outliers
spelling errors should be fix,correct_spelling
please dust an email,unknown_intent
clean anomalies in column price,detect_outliers
delete all redundant rows,remove_duplicates
rescale numerical data with standard scaling across all features,scale_numerical
rectify all misspellings,correct_spelling
eliminate extreme data points,detect_outliers
using polynomial features to generate additional features,feature_engineering
select top features that predict score,feature_selection
correct text errors across all text,correct_spelling
filter out all outlier records,detect_outliers
how does the window work,unknown_intent
remove all redundant rows,remove_duplicates
type definitions should be correct,fix_data_types
fix text spelling mistakes,correct_spelling
don't keep anomalous data,keep_outliers
keep unusual values for investigation,keep_outliers
considering years_experience delete duplicate observations,remove_duplicates
get rid of all duplicate entries,remove_duplicates
extract best 20 useful features,feature_selection
rescale numerical data in dataframe,scale_numerical
manage undefined values with interpolation,handle_missing_values
extreme points should be save,keep_outliers
apply using ordinal encoding to text columns,encode_categorical
can you grill,unknown_intent
deal with empty cells in data,handle_missing_values
fix blank entries with median in income column,handle_missing_values
process all blank entries,handle_missing_values
format data across dataset,standardize_data
convert text columns for salary,encode_categorical
create additional features,feature_engineering
get attributes top-k method for ML,feature_selection
resolve all discrepancies,remove_inconsistencies
using ordinal encoding for categorical variables,encode_categorical
remove all outlier rows,detect_outliers
normalize all data,standardize_data
construct feature variables,feature_engineering
with MAD method to clean abnormal data,detect_outliers
deduplicate repeated rows,remove_duplicates
eliminate data inconsistent data,remove_inconsistencies
convert data formats to boolean,fix_data_types
derive feature columns using transformations for the model,feature_engineering
outlier records must be preserve,keep_outliers
apply to integers to text features,encode_categorical
apply using max-abs scaling to quantitative variables,scale_numerical
typographical errors should be repair,correct_spelling
impute missing values using mean for column years_experience,handle_missing_values
address data data conflicts,remove_inconsistencies
show me wine,unknown_intent
fill NA values via mean imputation,handle_missing_values
deal with missing cells using linear interpolation,handle_missing_values
scale numeric data,scale_numerical
fix spelling errors,correct_spelling
regularize categories in amount column,standardize_data
regularize all data,standardize_data
don't save abnormal data,keep_outliers
identify attributes with filter method,feature_selection
drop all repeated records,remove_duplicates
fix all NA values,handle_missing_values
standardize text,standardize_data
to unit variance for numeric variables,scale_numerical
standardize all data,standardize_data
clean inconsistencies in values,remove_inconsistencies
using wrapper method to find top predictors,feature_selection
translate non-numeric columns to numeric in column age,encode_categorical
construct feature columns using transformations for the model,feature_engineering
run feature selection with statistical tests for target amount,feature_selection
repair spelling,correct_spelling
please eat,unknown_intent
handle missing values in the dataset,handle_missing_values
please sing,unknown_intent
choose top predictors by embedded method,feature_selection
choose features with statistical tests,feature_selection
apply make consistent to formats,standardize_data
normalize columns in id column,standardize_data
contradictions should be resolve,remove_inconsistencies
remove repeated records,remove_duplicates
fix nulls in income column,handle_missing_values
change categorical columns in dataframe,encode_categorical
maintain extreme points,keep_outliers
using IQR to eliminate outlier records,detect_outliers
fill all missing cells,handle_missing_values
deal with data irregular entries,remove_inconsistencies
fix irregular data in dataframe,remove_inconsistencies
filter duplicate entries based on name,remove_duplicates
identify relevant features with statistical tests for target column: age,feature_selection
adjust incorrect spellings in the dataset,correct_spelling
maintain all extreme points,keep_outliers
format formats to uniform format,standardize_data
change text columns using label encoding,encode_categorical
get important features for prediction of score,feature_selection
scale numerical data with z-score,scale_numerical
using ordinal encoding for category columns,encode_categorical
construct new attributes,feature_engineering
structure columns using standards,standardize_data
eliminate data conflicts,remove_inconsistencies
encode categorical features using label encoding in dataframe,encode_categorical
data formats should be adjust,fix_data_types
treat missing values,handle_missing_values
apply to numerical values to non-numeric columns,encode_categorical
handle undefined values in data,handle_missing_values
freeze an email,unknown_intent
using mean value for missing data,handle_missing_values
treat NaNs with ffill,handle_missing_values
unify entries using standards across columns,standardize_data
rectify spelling mistakes in dataframe,correct_spelling
remove inconsistencies in amount column,remove_inconsistencies
create features from existing columns for prediction,feature_engineering
can you tidy the door,unknown_intent
identify unusual values with z-score,detect_outliers
delete duplicate rows,remove_duplicates
get rid of extreme values with isolation forest from dataframe,detect_outliers
regularize values using template,standardize_data
update types to boolean for all columns,fix_data_types
treat NaNs in rating column,handle_missing_values
fill empty cells for column score,handle_missing_values
pick predictors for target column: score for training,feature_selection
transform types for score,fix_data_types
amend text errors in string columns,correct_spelling
spelling errors should be adjust,correct_spelling
unusual values must be save,keep_outliers
don't delete all abnormal data,keep_outliers
set data types for user_id,fix_data_types
with interpolation for null values,handle_missing_values
delete redundant rows by column id,remove_duplicates
choose best attributes relevant to years_experience,feature_selection
delete extreme observations from name,detect_outliers
please play my face,unknown_intent
using domain knowledge to build features,feature_engineering
exclude extreme observations with z-score from dataframe,detect_outliers
rectify misspellings,correct_spelling
with StandardScaler for numeric columns,scale_numerical
convert column types to string,fix_data_types
convert types to integer in dataframe,fix_data_types
construct new features,feature_engineering
generate feature columns by binning for prediction,feature_engineering
create custom features using polynomial features for ML,feature_engineering
eliminate repeated entries,remove_duplicates
using DBSCAN to exclude anomalies,detect_outliers
handle data inconsistencies,remove_inconsistencies
set dtypes to integer for all columns,fix_data_types
correct dtypes to numeric,fix_data_types
change field types in the dataset,fix_data_types
extract top-k top predictors target: salary,feature_selection
column types should be cast,fix_data_types
tell me about a bath,unknown_intent
modify types for price,fix_data_types
correct conflicting values,remove_inconsistencies
normalize all numeric features,scale_numerical
convert continuous variables to 0-1 range in the dataset,scale_numerical
rescale all quantitative variables,scale_numerical
treat undefined values,handle_missing_values
get rid of all duplicates,remove_duplicates
transform string variables for salary,encode_categorical
rescale all continuous variables,scale_numerical
save outliers for study,keep_outliers
keep anomalous data intact,keep_outliers
with z-score to drop outliers,detect_outliers
address missing data in data,handle_missing_values
leave extreme values for study,keep_outliers
generate derived features using domain knowledge,feature_engineering
harmonize data in the dataset,standardize_data
clean data data inconsistencies,remove_inconsistencies
please vacuum tea,unknown_intent
filter out anomalies by percentile across all features,detect_outliers
can you bake,unknown_intent
remove and get rid of unusual values,detect_outliers
conflicting entries should be address,remove_inconsistencies
scale numerical features in date column,scale_numerical
i like to watch,unknown_intent
get rid of repeated records from data,remove_duplicates
with z-score for continuous features,scale_numerical
clean typos in salary column,correct_spelling
pick best 20 attributes for income,feature_selection
to unit variance for numeric data,scale_numerical
find most important relevant features,feature_selection
don't don't remove extreme values,keep_outliers
maintain outliers for investigation,keep_outliers
adjust continuous features using max-abs scaling in column customer_id,scale_numerical
adjust types to boolean,fix_data_types
please vacuum water,unknown_intent
maintain outliers in dataset,keep_outliers
from dataset delete repeated entries,remove_duplicates
play today,unknown_intent
by mode for NaNs,handle_missing_values
identify best features for prediction of income,feature_selection
convert field types to object,fix_data_types
get relevant features with target column customer_id for modeling,feature_selection
how does an email work,unknown_intent
to numerical values for categorical variables,encode_categorical
get best 20 significant features,feature_selection
choose key features for target category,feature_selection
please drink a photo,unknown_intent
fix column formats in amount column,fix_data_types
convert column types to boolean,fix_data_types
normalize numeric features to unit variance in dataframe,scale_numerical
get top 5 important features for target column: name,feature_selection
run feature selection top-k method with target=customer_id,feature_selection
get rid of all duplicate rows,remove_duplicates
to unit variance for quantitative variables,scale_numerical
address missing data,handle_missing_values
normalize categories by convention,standardize_data
structure columns across dataset,standardize_data
with aggregations to generate features,feature_engineering
data types should be modify,fix_data_types
build feature columns by combining features for modeling,feature_engineering
adjust numeric columns in column category,scale_numerical
convert type definitions to str,fix_data_types
address NaNs,handle_missing_values
make consistent categories to common format in dataframe,standardize_data
choose best attributes for prediction of amount,feature_selection
make consistent naming conventions in dataframe,standardize_data
eliminate duplicate data from data,remove_duplicates
convert field types to float,fix_data_types
inconsistent values should be eliminate,remove_inconsistencies
cast column formats in column age,fix_data_types
delete repeated rows,remove_duplicates
cast dtypes to boolean for all columns,fix_data_types
convert numeric features with standard scaling in the dataset,scale_numerical
scale all numerical values,scale_numerical
with median value for missing cells,handle_missing_values
set field types to category in dataframe,fix_data_types
by interaction to build additional features,feature_engineering
adjust all spelling mistakes,correct_spelling
fix missing values using linear interpolation in dataframe,handle_missing_values
let us throw,unknown_intent
why is my face,unknown_intent
choose useful features for target column: customer_id,feature_selection
extract best features based on name for analysis,feature_selection
using DBSCAN to drop anomalous data,detect_outliers
remove irregular entries in naming,remove_inconsistencies
deal with data data conflicts,remove_inconsistencies
adjust all spelling,correct_spelling
in dataframe delete duplicate records,remove_duplicates
manage NA values by backward fill in column age,handle_missing_values
don't don't delete extreme values,keep_outliers
identify significant features based on name for prediction,feature_selection
types should be modify,fix_data_types
correct all discrepancies,remove_inconsistencies
time to sleep,unknown_intent
standardize numeric variables using max-abs scaling,scale_numerical
using mode for null values,handle_missing_values
design custom additional features,feature_engineering
harmonize naming conventions in rating column,standardize_data
by mathematical operations to design derived features,feature_engineering
select key features for prediction of user_id,feature_selection
don't delete outlier records as they are,keep_outliers
drop repeated records,remove_duplicates
delete all repeated entries,remove_duplicates
choose top predictors for analysis,feature_selection
replace undefined values in the data,handle_missing_values
create custom features by binning,feature_engineering
extract derived features using transformations for prediction,feature_engineering
by mathematical operations to construct feature columns,feature_engineering
redundant rows should be filter,remove_duplicates
don't delete all extreme points,keep_outliers
format data to common format,standardize_data
discard repeated records from dataset,remove_duplicates
repair spelling in string columns,correct_spelling
make consistent formats using template in dataframe,standardize_data
delete repeated rows from data,remove_duplicates
extract most important predictors,feature_selection
do not remove outliers,keep_outliers
get rid of duplicate entries,remove_duplicates
impute undefined values in data,handle_missing_values
don't remove all outlier rows,keep_outliers
make consistent formats to common format,standardize_data
fill NaNs with median value,handle_missing_values
fix data formats to str,fix_data_types
data inconsistencies should be eliminate,remove_inconsistencies
replace missing entries using mode,handle_missing_values
from dataset remove duplicate records,remove_duplicates
get rid of anomalous data,detect_outliers
i need to jump,unknown_intent
using transformations to develop custom features,feature_engineering
translate all categorical data,encode_categorical
by mathematical operations to generate feature columns,feature_engineering
scale numerical features,scale_numerical
leave anomalies for review,keep_outliers
convert all categorical features,encode_categorical
mix,unknown_intent
normalize numeric data to unit variance,scale_numerical
build derived features for the model,feature_engineering
please polish,unknown_intent
with z-score to remove extreme observations,detect_outliers
cast column types,fix_data_types
convert type definitions to datetime,fix_data_types
normalize naming conventions to common format,standardize_data
transform dtypes,fix_data_types
handle empty cells in the data,handle_missing_values
exclude outlier entries,detect_outliers
save extreme values for analysis,keep_outliers
fill empty entries using linear interpolation,handle_missing_values
set column types,fix_data_types
remove unusual values using IQR from the data,detect_outliers
clean mismatches from the data,remove_inconsistencies
maintain anomalous data unchanged,keep_outliers
impute missing values by dropping rows,handle_missing_values
outliers must be leave,keep_outliers
develop additional features by interaction,feature_engineering
from existing columns to generate derived features,feature_engineering
structure all naming conventions,standardize_data
delete and drop extreme data points,detect_outliers
inconsistent values should be deal with,remove_inconsistencies
apply with z-score to numeric columns,scale_numerical
align columns,standardize_data
how to listen,unknown_intent
leave unusual values,keep_outliers
normalize numeric columns for all numeric columns,scale_numerical
from existing columns to extract features,feature_engineering
transform all numerical data,scale_numerical
extract custom features using domain knowledge,feature_engineering
apply using MinMax to numerical values,scale_numerical
fix missing entries in data,handle_missing_values
encode non-numeric columns in the dataset,encode_categorical
drop repeated entries considering years_experience,remove_duplicates
scrub for me,unknown_intent
clean text mistakes,correct_spelling
correct data formats,fix_data_types
missing entries should be replace,handle_missing_values
fix datatypes to boolean,fix_data_types
perform feature selection for target score,feature_selection
repair text text errors,correct_spelling
construct features,feature_engineering
adjust data types to integer,fix_data_types
apply with binary encoding to categorical columns,encode_categorical
clean data inconsistencies across columns,remove_inconsistencies
exclude all unusual values,detect_outliers
derive additional features for ML,feature_engineering
build custom derived features,feature_engineering
handle NA values in data,handle_missing_values
amend all incorrect spellings,correct_spelling
run feature selection by variance,feature_selection
choose relevant features using importance for analysis,feature_selection
update variable types to categorical in column income,fix_data_types
resolve data inconsistent values,remove_inconsistencies
i want to climb my shoes,unknown_intent
using min-max scaling for numeric data,scale_numerical
address all missing cells,handle_missing_values
apply unify to naming conventions,standardize_data
time to jump,unknown_intent
extract top features for predicting price,feature_selection
clean typos,correct_spelling
how to dust,unknown_intent
turn non-numeric columns to integers in column age,encode_categorical
discard outlier rows with MAD method in the dataset,detect_outliers
amend incorrect spellings in string columns,correct_spelling
let us jump,unknown_intent
preserve all extreme values,keep_outliers
transform non-numeric columns using ordinal encoding,encode_categorical
handle missing values with constant value,handle_missing_values
dtypes should be transform,fix_data_types
repeated rows should be deduplicate,remove_duplicates
choose best features related to customer_id,feature_selection
maintain all outlier rows,keep_outliers
with robust scaling for numerical values,scale_numerical
get top predictors using mutual information for prediction,feature_selection
please paint my nails,unknown_intent
handle inconsistencies from the data,remove_inconsistencies
treat all missing entries,handle_missing_values
don't don't delete anomalies,keep_outliers
from dataset filter duplicate entries,remove_duplicates
what is my car,unknown_intent
top-k method to pick relevant features,feature_selection
apply using min-max scaling to continuous variables,scale_numerical
drop all outliers,detect_outliers
don't maintain unusual values,keep_outliers
clean and eliminate extreme values,detect_outliers
manage missing entries by dropping rows in column years_experience,handle_missing_values
design additional features,feature_engineering
standardize spelling in text columns,correct_spelling
read for me,unknown_intent
amend text spelling errors,correct_spelling
manage missing cells in data,handle_missing_values
update variable types to datetime for rating,fix_data_types
using polynomial features to create engineered features,feature_engineering
derive additional features using polynomial features,feature_engineering
can you sweep,unknown_intent
map categorical features in dataframe,encode_categorical
unify columns to consistent format in dataframe,standardize_data
change all categorical columns,encode_categorical
don't delete anomalies for analysis,keep_outliers
undefined values should be process,handle_missing_values
eliminate all unusual values,detect_outliers
in dataframe remove repeated rows,remove_duplicates
turn string variables in the dataset,encode_categorical
blank entries should be deal with,handle_missing_values
encode categorical features,encode_categorical
correct incorrect spellings in text columns,correct_spelling
rectify typos in column date,correct_spelling
get predictors with filter method with target=age,feature_selection
handle undefined values with median for column category,handle_missing_values
by backward fill for blank entries,handle_missing_values
generate engineered features from existing columns,feature_engineering
identify best attributes related to price,feature_selection
clean duplicate rows,remove_duplicates
exclude all anomalous data,detect_outliers
construct custom custom features,feature_engineering
steam the top,unknown_intent
remove repeated records from data,remove_duplicates
address empty cells using mean,handle_missing_values
fix variable types,fix_data_types
considering salary eliminate repeated rows,remove_duplicates
amend misspellings in string columns,correct_spelling
don't keep unusual values,keep_outliers
remove extreme values from years_experience,detect_outliers
address missing values,handle_missing_values
fix for me,unknown_intent
why is a cake,unknown_intent
adjust numerical data,scale_numerical
impute all missing values,handle_missing_values
by correlation to extract best attributes,feature_selection
remove all irregular entries,remove_inconsistencies
normalize all text,standardize_data
clean inconsistent data in category column,remove_inconsistencies
extreme values should be preserve,keep_outliers
don't preserve extreme values,keep_outliers
apply using max-abs scaling to numerical data,scale_numerical
with median for null values,handle_missing_values
create feature columns with aggregations,feature_engineering
clean all repeated entries,remove_duplicates
drop repeated records in dataframe,remove_duplicates
resolve discrepancies in salary column,remove_inconsistencies
filter out and discard extreme values,detect_outliers
format all columns,standardize_data
convert data types to categorical,fix_data_types
eliminate duplicate records considering id,remove_duplicates
select useful features for prediction of category,feature_selection
turn non-numeric columns in the dataset,encode_categorical
scale all continuous variables,scale_numerical
duplicate entries should be deduplicate,remove_duplicates
transform numerical features for all numeric columns,scale_numerical
using standard deviation to detect extreme data points,detect_outliers
construct engineered features by interaction for modeling,feature_engineering
harmonize fields using template in dataframe,standardize_data
with one-hot encoding for categorical features,encode_categorical
remove outlier rows by statistical method from dataframe,detect_outliers
delete extreme data points using 3-sigma rule in numeric columns,detect_outliers
translate category columns with binary encoding in dataframe,encode_categorical
can you watch,unknown_intent
determine top features related to years_experience,feature_selection
retain extreme values intact,keep_outliers
remove all discrepancies,remove_inconsistencies
in the table delete identical rows,remove_duplicates
from dataset get rid of repeated records,remove_duplicates
i want to steam my clothes,unknown_intent
get rid of repeated rows,remove_duplicates
adjust field types to category,fix_data_types
harmonize date formats to uniform format in date column,standardize_data
handle irregular entries in naming,remove_inconsistencies
exclude anomalous data from dataframe,detect_outliers
preserve abnormal data in dataset,keep_outliers
turn all category columns,encode_categorical
standardize numeric variables using normalization,scale_numerical
remove data inconsistencies in dataframe,remove_inconsistencies
with z-score for numerical values,scale_numerical
transform all numeric features,scale_numerical
map categorical variables to dummy variables in dataframe,encode_categorical
filter out and detect unusual values,detect_outliers
apply to numeric to categorical data,encode_categorical
structure formats to uniform format in column score,standardize_data
replace undefined values in column amount,handle_missing_values
by mathematical operations to construct feature variables,feature_engineering
replace all NA values,handle_missing_values
fry,unknown_intent
by binning to construct feature columns,feature_engineering
address missing values with ffill in the data,handle_missing_values
derive derived features with feature crosses,feature_engineering
from existing columns to design features,feature_engineering
data inconsistencies should be correct,remove_inconsistencies
convert numeric variables using MinMax across all features,scale_numerical
don't remove outlier rows for analysis,keep_outliers
boil,unknown_intent
save all unusual values,keep_outliers
to numeric for categories,encode_categorical
convert numeric features across all features,scale_numerical
extract predictors for regression,feature_selection
create feature variables,feature_engineering
spelling errors should be standardize,correct_spelling
clean duplicates from data,remove_duplicates
fix all missing entries,handle_missing_values
leave all anomalies,keep_outliers
transform all categorical columns,encode_categorical
run feature selection with filter method,feature_selection
retain outlier records for further analysis,keep_outliers
transform continuous features,scale_numerical
extract important features by RFE for analysis,feature_selection
rescale all numerical data,scale_numerical
maintain all outlier records,keep_outliers
clean data conflicts across columns,remove_inconsistencies
apply regularize to values,standardize_data
maintain outlier records untouched,keep_outliers
repair spelling mistakes,correct_spelling
modify types to float,fix_data_types
type definitions should be modify,fix_data_types
datatypes should be cast,fix_data_types
adjust column formats in column category,fix_data_types
align data,standardize_data
repair spelling mistakes in text columns,correct_spelling
sell for me please,unknown_intent
map categories to numeric in the dataset,encode_categorical
tell me about dinner,unknown_intent
don't remove outlier rows,keep_outliers
standardize all text errors,correct_spelling
correct text spelling mistakes,correct_spelling
outlier rows must be maintain,keep_outliers
convert category columns to integers,encode_categorical
deal with all missing data,handle_missing_values
in dataframe clean duplicate entries,remove_duplicates
determine features for classification,feature_selection
don't delete outliers in dataset,keep_outliers
using mutual information to get best features,feature_selection
map text features with one-hot encoding,encode_categorical
delete redundant rows,remove_duplicates
normalize values in column date,standardize_data
don't remove abnormal data in dataset,keep_outliers
harmonize categories in column income,standardize_data
null values should be address,handle_missing_values
using chi-square to choose attributes,feature_selection
rectify spelling,correct_spelling
transform field types,fix_data_types
extract top 10 best features based on salary,feature_selection
standardize numerical features using max-abs scaling in age column,scale_numerical
cast dtypes to object,fix_data_types
extract custom derived features,feature_engineering
clean text mistakes in dataframe,correct_spelling
handle inconsistencies,remove_inconsistencies
address inconsistent data in column category,remove_inconsistencies
derive new features with feature crosses for the model,feature_engineering
encode all categories,encode_categorical
abnormal data should be don't delete,keep_outliers
translate categorical columns for salary,encode_categorical
don't delete outliers,keep_outliers
let us listen,unknown_intent
manage null values by dropping rows,handle_missing_values
resolve inconsistencies,remove_inconsistencies
find significant features using wrapper method for classification,feature_selection
leave all outliers,keep_outliers
fix all spelling errors,correct_spelling
derive new attributes with feature crosses,feature_engineering
apply with StandardScaler to numeric columns,scale_numerical
by binning to derive feature columns,feature_engineering
remove inconsistencies,remove_inconsistencies
deal with inconsistent data in date formats,remove_inconsistencies
i want to watch,unknown_intent
convert categories for score,encode_categorical
keep all outliers,keep_outliers
play for me,unknown_intent
create custom features for analysis,feature_engineering
can you buy,unknown_intent
grill,unknown_intent
apply align to columns,standardize_data
remove extreme points in the dataset,detect_outliers
conflicting values should be clean,remove_inconsistencies
standardize continuous features for all numeric columns,scale_numerical
exclude extreme points using DBSCAN across all features,detect_outliers
create engineered features for ML,feature_engineering
set field types to datetime in the dataset,fix_data_types
remove duplicate entries from the data,remove_duplicates
adjust text incorrect spellings,correct_spelling
preserve outliers,keep_outliers
eliminate conflicting values,remove_inconsistencies
translate string categories,encode_categorical
to integers for string categories,encode_categorical
normalize all numerical features,scale_numerical
with interpolation for missing cells,handle_missing_values
cast column formats in the dataset,fix_data_types
manage missing entries with ffill in numeric columns,handle_missing_values
clean contradictions from the data,remove_inconsistencies
preserve all outlier records,keep_outliers
fix data data conflicts,remove_inconsistencies
engineer feature variables,feature_engineering
outlier records must be don't delete,keep_outliers
standardize all numerical features,scale_numerical
fix data irregular data,remove_inconsistencies
clean inconsistent values in salary column,remove_inconsistencies
correct data types,fix_data_types
turn all categorical data,encode_categorical
filter repeated rows from data,remove_duplicates
deduplicate identical rows from the data,remove_duplicates
handle empty cells in data,handle_missing_values
treat missing entries with median value,handle_missing_values
apply align to entries,standardize_data
clean abnormal data in the dataset,detect_outliers
manage nulls with constant value,handle_missing_values
choose useful features for target column: category,feature_selection
delete all identical rows,remove_duplicates
find and detect outlier records,detect_outliers
outlier records must be don't remove,keep_outliers
convert types to integer,fix_data_types
from data filter duplicate rows,remove_duplicates
convert all text features,encode_categorical
outlier records must be retain,keep_outliers
from dataset deduplicate duplicate observations,remove_duplicates
find relevant features for classification,feature_selection
leave outlier rows untouched,keep_outliers
correct dtypes,fix_data_types
standardize quantitative variables with standard scaling,scale_numerical
anomalies should be preserve,keep_outliers
generate new features by interaction,feature_engineering
transform type definitions to str,fix_data_types
where is a movie,unknown_intent
i like to vacuum,unknown_intent
with ffill for missing cells,handle_missing_values
find top features using wrapper method using age as target,feature_selection
eliminate extreme observations,detect_outliers
filter out unusual values using boxplot method in numeric columns,detect_outliers
modify column types for income,fix_data_types
where is music,unknown_intent
retain outlier rows,keep_outliers
preserve anomalies,keep_outliers
extract significant features that predict user_id,feature_selection
develop custom features by combining features for better accuracy,feature_engineering
pick top 5 best features for target score,feature_selection
develop custom new attributes,feature_engineering
from the data deduplicate duplicate data,remove_duplicates
drop extreme values,detect_outliers
adjust spelling in the dataset,correct_spelling
engineer features using polynomial features,feature_engineering
i want to run,unknown_intent
duplicate observations should be eliminate,remove_duplicates
deduplicate all repeated rows,remove_duplicates
remove all outlier entries,detect_outliers
clean incorrect spellings in dataframe,correct_spelling
duplicate rows should be discard,remove_duplicates
inconsistent values should be clean,remove_inconsistencies
standardize numeric data,scale_numerical
apply regularize to fields,standardize_data
transform categorical data using ordinal encoding in the dataset,encode_categorical
turn text features with frequency encoding in column category,encode_categorical
convert numeric columns with StandardScaler for all numeric columns,scale_numerical
delete outlier rows from rating,detect_outliers
change string categories in category column,encode_categorical
why is my room,unknown_intent
structure values in dataframe,standardize_data
transform all numerical values,scale_numerical
convert numeric features,scale_numerical
set column types to date,fix_data_types
harmonize all fields,standardize_data
convert variable types to datetime,fix_data_types
resolve inconsistencies in date formats,remove_inconsistencies
fix type definitions to string,fix_data_types
abnormal data must be save,keep_outliers
find outlier rows with isolation forest,detect_outliers
convert categorical variables using ordinal encoding for date,encode_categorical
align naming conventions to consistent format,standardize_data
rectify text mistakes in column years_experience,correct_spelling
via mean imputation for nulls,handle_missing_values
develop additional features by combining features,feature_engineering
regularize categories to common format,standardize_data
clean duplicate data in dataframe,remove_duplicates
manage missing values by mode,handle_missing_values
with robust scaling for continuous features,scale_numerical
harmonize all text,standardize_data
apply using min-max scaling to continuous features,scale_numerical
select top 10 top predictors target: user_id,feature_selection
extreme values must be keep,keep_outliers
discard and discard outlier records,detect_outliers
what about breakfast,unknown_intent
correct text mistakes across all text,correct_spelling
correct discrepancies in the dataset,remove_inconsistencies
fix data inconsistencies across columns,remove_inconsistencies
repair incorrect spellings,correct_spelling
correct data discrepancies,remove_inconsistencies
how to fix,unknown_intent
make labels consistent,standardize_data
extreme values must be retain,keep_outliers
from the data get rid of duplicate data,remove_duplicates
abnormal data must be preserve,keep_outliers
using min-max scaling for numeric columns,scale_numerical
fix text typographical errors,correct_spelling
to numerical values for string variables,encode_categorical
select best 20 best features for column rating,feature_selection
scale numerical features in the dataset,scale_numerical
by mathematical operations to design engineered features,feature_engineering
transform quantitative variables,scale_numerical
perform feature selection for target column: customer_id,feature_selection
remove data contradictions,remove_inconsistencies
what is a picture,unknown_intent
using chi-square to select top predictors,feature_selection
align entries to consistent format in dataframe,standardize_data
to 0-1 range for numeric features,scale_numerical
construct derived features for the model,feature_engineering
adjust dtypes,fix_data_types
exclude outlier records in the dataset,detect_outliers
clean abnormal data using boxplot method,detect_outliers
encode all text columns,encode_categorical
clean duplicate records,remove_duplicates
convert quantitative variables across all features,scale_numerical
develop engineered features for analysis,feature_engineering
show me my room,unknown_intent
i want to play,unknown_intent
don't delete anomalies for study,keep_outliers
adjust all numerical features,scale_numerical
manage null values in column id,handle_missing_values
fix typographical errors in data,correct_spelling
cast data types to date in the dataset,fix_data_types
fix all empty entries,handle_missing_values
harmonize values,standardize_data
find predictors,feature_selection
standardize all labels,standardize_data
delete extreme observations,detect_outliers
adjust numeric columns in category column,scale_numerical
drop extreme points with MAD method across all features,detect_outliers
don't remove extreme points as they are,keep_outliers
translate all text columns,encode_categorical
transform numeric columns for all numeric columns,scale_numerical
update column formats to boolean in column id,fix_data_types
get rid of extreme observations,detect_outliers
set data formats to date in column customer_id,fix_data_types
align categories by convention,standardize_data
scale continuous features using max-abs scaling across all features,scale_numerical
fix discrepancies in date formats,remove_inconsistencies
filter repeated rows from dataset,remove_duplicates
address missing cells for column amount,handle_missing_values
detect outlier entries using IQR,detect_outliers
manage missing cells across all columns,handle_missing_values
apply to numeric to text features,encode_categorical
convert field types to integer,fix_data_types
process all empty entries,handle_missing_values
don't don't delete unusual values,keep_outliers
correct spelling mistakes in string columns,correct_spelling
modify datatypes,fix_data_types
find and eliminate unusual values,detect_outliers
clean duplicate data,remove_duplicates
anomalies must be don't delete,keep_outliers
deduplicate duplicate entries,remove_duplicates
design features,feature_engineering
construct engineered features for ML,feature_engineering
incorrect spellings should be correct,correct_spelling
address inconsistent values from data,remove_inconsistencies
eliminate data irregular data,remove_inconsistencies
rectify all spelling errors,correct_spelling
set data types to date for all columns,fix_data_types
harmonize date formats in name column,standardize_data
irregular entries should be clean,remove_inconsistencies
deduplicate all duplicate records,remove_duplicates
transform data formats to date,fix_data_types
replace missing cells in data,handle_missing_values
turn category columns for income,encode_categorical
scale numeric variables with z-score,scale_numerical
impute undefined values,handle_missing_values
eliminate all contradictions,remove_inconsistencies
perform feature selection predicting user_id,feature_selection
identify and remove extreme observations,detect_outliers
apply with z-score to quantitative variables,scale_numerical
extreme points should be retain,keep_outliers
filter all duplicate observations,remove_duplicates
from existing columns to create feature columns,feature_engineering
don't leave extreme points,keep_outliers
convert data formats for date,fix_data_types
delete repeated entries,remove_duplicates
adjust numeric variables with robust scaling,scale_numerical
determine predictors related to column amount,feature_selection
apply with one-hot encoding to text features,encode_categorical
identify relevant features for prediction of category,feature_selection
handle conflicting values,remove_inconsistencies
clean mismatches in the dataset,remove_inconsistencies
spelling mistakes should be repair,correct_spelling
convert categorical features to dummy variables,encode_categorical
i need to grill,unknown_intent
determine predictors with filter method with target column id,feature_selection
rectify text errors,correct_spelling
rescale numerical data across all features,scale_numerical
spelling should be standardize,correct_spelling
leave all abnormal data,keep_outliers
regularize entries,standardize_data
apply to 0-1 range to continuous features,scale_numerical
duplicate observations should be get rid of,remove_duplicates
with MAD method to exclude anomalies,detect_outliers
update variable types to float,fix_data_types
perform feature selection for target column: id,feature_selection
with median value for missing data,handle_missing_values
fix all missing cells,handle_missing_values
clean repeated records from data,remove_duplicates
create new attributes by interaction,feature_engineering
determine top-k predictors,feature_selection
encode category columns using target encoding,encode_categorical
standardize text errors in string columns,correct_spelling
using standard deviation to clean outlier entries,detect_outliers
preserve extreme points as they are,keep_outliers
eliminate all inconsistent values,remove_inconsistencies
generate additional features,feature_engineering
manage missing cells with median in column customer_id,handle_missing_values
get rid of and get rid of extreme observations,detect_outliers
don't leave anomalies,keep_outliers
fix data irregular entries,remove_inconsistencies
by statistical method to filter out outlier rows,detect_outliers
repeated entries should be drop,remove_duplicates
encode text features to numeric,encode_categorical
retain extreme values in dataset,keep_outliers
impute missing entries using linear interpolation in the data,handle_missing_values
filter out extreme values,detect_outliers
i like to scrub,unknown_intent
irregular data should be resolve,remove_inconsistencies
standardize values using template,standardize_data
save anomalies,keep_outliers
cut for me please,unknown_intent
i like to freeze,unknown_intent
harmonize columns,standardize_data
based on name get rid of duplicate entries,remove_duplicates
determine useful features related to income,feature_selection
deal with all conflicting entries,remove_inconsistencies
clean spelling errors in user_id column,correct_spelling
preserve outlier records for review,keep_outliers
align fields to uniform format in column name,standardize_data
get important features,feature_selection
identify best features target=customer_id for ML,feature_selection
clean mismatches in column customer_id,remove_inconsistencies
clean inconsistent values from the data,remove_inconsistencies
update data types to float for all columns,fix_data_types
standardize continuous variables,scale_numerical
rectify text spelling errors,correct_spelling
find top features for modeling,feature_selection
outlier records should be preserve,keep_outliers
address blank entries in data,handle_missing_values
spelling errors should be amend,correct_spelling
get best features for predicting amount,feature_selection
clean conflicting values across columns,remove_inconsistencies
convert non-numeric columns,encode_categorical
derive custom features by interaction for analysis,feature_engineering
derive additional features by combining features for ML,feature_engineering
get rid of abnormal data using IQR in customer_id column,detect_outliers
handle missing cells by mode,handle_missing_values
map non-numeric columns using target encoding,encode_categorical
talk for me,unknown_intent
remove duplicate rows in the table,remove_duplicates
transform numerical values with robust scaling,scale_numerical
data formats should be set,fix_data_types
undefined values should be manage,handle_missing_values
handle missing entries for column years_experience,handle_missing_values
how does the table work,unknown_intent
adjust all spelling errors,correct_spelling
clean conflicting entries in naming,remove_inconsistencies
using 3-sigma rule to find outlier records,detect_outliers
handle mismatches from the data,remove_inconsistencies
align fields,standardize_data
unusual values must be don't delete,keep_outliers
drop and identify outlier rows,detect_outliers
don't remove extreme values,keep_outliers
identify and clean extreme values,detect_outliers
from data filter duplicate records,remove_duplicates
align formats to consistent format in amount column,standardize_data
how does the door work,unknown_intent
keep outliers for study,keep_outliers
save outlier rows for further analysis,keep_outliers
don't maintain outlier records,keep_outliers
how to scrub,unknown_intent
clean discrepancies in years_experience column,remove_inconsistencies
unify naming conventions in dataframe,standardize_data
correct types to string,fix_data_types
outlier records must be keep,keep_outliers
column types should be correct,fix_data_types
in the table delete repeated entries,remove_duplicates
fill empty cells via mean imputation,handle_missing_values
eliminate duplicate rows based on category,remove_duplicates
fix spelling mistakes in column salary,correct_spelling
fix nulls in data,handle_missing_values
regularize values across dataset,standardize_data
derive custom features,feature_engineering
fix empty entries by dropping rows in numeric columns,handle_missing_values
misspellings should be correct,correct_spelling
filter out extreme data points with MAD method in the dataset,detect_outliers
translate categorical features in dataframe,encode_categorical
with feature crosses to create custom features,feature_engineering
clean duplicate records from data,remove_duplicates
cast dtypes to string,fix_data_types
don't don't delete anomalous data,keep_outliers
address all missing data,handle_missing_values
get rid of identical rows,remove_duplicates
identical rows should be filter,remove_duplicates
translate categorical features in price column,encode_categorical
create additional features for ML,feature_engineering
duplicate entries should be discard,remove_duplicates
extract most important important features,feature_selection
run feature selection by RFE for column rating,feature_selection
apply format to data,standardize_data
null values should be manage,handle_missing_values
determine top predictors using wrapper method for training,feature_selection
align columns in dataframe,standardize_data
repair text spelling,correct_spelling
create engineered features,feature_engineering
determine relevant features for prediction of name,feature_selection
spelling should be clean,correct_spelling
fix column types to object in column name,fix_data_types
exclude extreme values from dataframe,detect_outliers
amend text mistakes in column salary,correct_spelling
filter out extreme observations with MAD method in column age,detect_outliers
apply normalize to labels,standardize_data
filter repeated entries,remove_duplicates
standardize date formats across columns,standardize_data
map string categories in category column,encode_categorical
identify and eliminate outlier rows,detect_outliers
process NA values in data,handle_missing_values
i want to eat the house,unknown_intent
extreme points must be save,keep_outliers
remove all conflicting values,remove_inconsistencies
fix NA values in the dataset,handle_missing_values
impute NaNs in column age,handle_missing_values
select relevant features target=customer_id,feature_selection
to 0-1 range for continuous variables,scale_numerical
treat blank entries by mode in the data,handle_missing_values
preserve all abnormal data,keep_outliers
treat missing entries,handle_missing_values
normalize all values,standardize_data
normalize continuous variables to unit variance across all features,scale_numerical
remove duplicate data from data,remove_duplicates
normalize formats across columns,standardize_data
make consistent columns using standards,standardize_data
discard and drop extreme values,detect_outliers
considering category discard identical rows,remove_duplicates
delete duplicate entries in dataframe,remove_duplicates
standardize columns in column score,standardize_data
deal with conflicting entries,remove_inconsistencies
please cook,unknown_intent
rectify incorrect spellings in column id,correct_spelling
develop engineered features using transformations to improve performance,feature_engineering
make consistent entries in the dataset,standardize_data
time to run,unknown_intent
maintain abnormal data,keep_outliers
fix all irregular entries,remove_inconsistencies
structure formats using template,standardize_data
perform feature selection target column: category,feature_selection
map categorical variables to numerical values,encode_categorical
what is the cat,unknown_intent
clean irregular data in price column,remove_inconsistencies
perform feature selection related to column date,feature_selection
clean conflicting values in the dataset,remove_inconsistencies
transform numeric features to 0-1 range,scale_numerical
design feature variables,feature_engineering
address missing entries using mean value for column age,handle_missing_values
handle inconsistent values in date formats,remove_inconsistencies
remove all extreme points,detect_outliers
spelling mistakes should be standardize,correct_spelling
extract relevant features related to column date,feature_selection
extract top features relevant to rating,feature_selection
normalize all numerical data,scale_numerical
regularize labels to uniform format in all columns,standardize_data
clean and identify outlier rows,detect_outliers
fix all spelling mistakes,correct_spelling
standardize all numeric variables,scale_numerical
change type definitions to int in the dataset,fix_data_types
modify data types,fix_data_types
modify field types to integer,fix_data_types
convert data types to integer,fix_data_types
drop and clean extreme data points,detect_outliers
identify important features for predicting income,feature_selection
clean all duplicate observations,remove_duplicates
fix conflicting entries in the dataset,remove_inconsistencies
fix discrepancies in dataframe,remove_inconsistencies
map string variables in dataframe,encode_categorical
amend typos in column rating,correct_spelling
eliminate mismatches in dataframe,remove_inconsistencies
to dummy variables for string variables,encode_categorical
unify date formats in dataframe,standardize_data
clean duplicate records in the table,remove_duplicates
from existing columns to design new attributes,feature_engineering
fill undefined values across all columns,handle_missing_values
perform feature selection,feature_selection
run feature selection using chi-square with amount as target,feature_selection
retain unusual values for study,keep_outliers
clean inconsistencies,remove_inconsistencies
repair spelling in text columns,correct_spelling
remove data data conflicts,remove_inconsistencies
clean typos in the dataset,correct_spelling
don't remove outlier rows in dataset,keep_outliers
with StandardScaler for numerical features,scale_numerical
deduplicate duplicate data,remove_duplicates
change all categories,encode_categorical
with feature crosses to extract new attributes,feature_engineering
fix data inconsistencies,remove_inconsistencies
repair text mistakes in dataframe,correct_spelling
map categorical features using label encoding in income column,encode_categorical
eliminate inconsistent data from data,remove_inconsistencies
treat NA values using mean value in the data,handle_missing_values
deal with blank entries in data,handle_missing_values
eliminate inconsistent data from the data,remove_inconsistencies
set data formats across columns,fix_data_types
get rid of all extreme values,detect_outliers
identify all extreme points,detect_outliers
don't retain anomalous data,keep_outliers
convert all numerical values,scale_numerical
contradictions should be fix,remove_inconsistencies
using wrapper method to select attributes,feature_selection
correct all conflicting values,remove_inconsistencies
detect and clean abnormal data,detect_outliers
apply using max-abs scaling to numerical features,scale_numerical
conflicting entries should be eliminate,remove_inconsistencies
mix my teeth,unknown_intent
apply to 0-1 range to numeric columns,scale_numerical
convert field types to date,fix_data_types
what is dinner,unknown_intent
can you mix the kitchen,unknown_intent
make values consistent,standardize_data
normalize columns to uniform format,standardize_data
apply with robust scaling to numerical features,scale_numerical
turn string variables in column rating,encode_categorical
align all labels,standardize_data
rescale numeric data in column score,scale_numerical
select significant features related to income,feature_selection
typos should be amend,correct_spelling
convert datatypes to boolean,fix_data_types
clean typos across all text,correct_spelling
pick relevant predictors for target salary,feature_selection
fill null values,handle_missing_values
clean repeated records from the data,remove_duplicates
in dataframe eliminate redundant rows,remove_duplicates
map non-numeric columns with one-hot encoding in score column,encode_categorical
drop all unusual values,detect_outliers
with interpolation for missing entries,handle_missing_values
find all outlier entries,detect_outliers
standardize incorrect spellings,correct_spelling
format fields in price column,standardize_data
standardize entries to common format,standardize_data
scale numeric data with robust scaling,scale_numerical
considering category filter duplicate data,remove_duplicates
discard abnormal data using 3-sigma rule in years_experience column,detect_outliers
with MAD method to remove anomalous data,detect_outliers
map text features to numeric,encode_categorical
fly the a shower,unknown_intent
impute NA values across all columns,handle_missing_values
dust the my homework,unknown_intent
fill NaNs with ffill,handle_missing_values
delete all repeated rows,remove_duplicates
clean text mistakes in string columns,correct_spelling
fix mismatches in id column,remove_inconsistencies
repair all spelling,correct_spelling
fix irregular data in the dataset,remove_inconsistencies
apply standardize to labels,standardize_data
regularize naming conventions using standards,standardize_data
deal with blank entries,handle_missing_values
derive custom custom features,feature_engineering
modify data types to datetime in the dataset,fix_data_types
by combining features to engineer feature variables,feature_engineering
outlier records should be keep,keep_outliers
develop engineered features with feature crosses,feature_engineering
construct custom new attributes,feature_engineering
using max-abs scaling for numerical features,scale_numerical
choose top predictors related to score,feature_selection
fix typographical errors across all text,correct_spelling
eliminate discrepancies in values,remove_inconsistencies
handle conflicting entries in rating column,remove_inconsistencies
maintain anomalies,keep_outliers
choose relevant features for predicting age,feature_selection
perform feature selection for target column: date,feature_selection
convert data types to category,fix_data_types
deal with conflicting entries in date formats,remove_inconsistencies
apply make consistent to data,standardize_data
how to buy,unknown_intent
fix missing cells in data,handle_missing_values
fix datatypes across columns,fix_data_types
retain outlier rows intact,keep_outliers
with z-score to discard unusual values,detect_outliers
don't don't remove anomalies,keep_outliers
identify attributes target column: amount,feature_selection
standardize continuous features in column salary,scale_numerical
unify all fields,standardize_data
identify and find outliers,detect_outliers
by column id remove duplicate records,remove_duplicates
make consistent labels across dataset,standardize_data
with one-hot encoding for string categories,encode_categorical
discard duplicate records considering name,remove_duplicates
using IQR to eliminate extreme data points,detect_outliers
construct new attributes from existing columns for ML,feature_engineering
correct all irregular entries,remove_inconsistencies
don't remove extreme points unchanged,keep_outliers
create features for ML,feature_engineering
remove all duplicate rows,remove_duplicates
standardize misspellings in the dataset,correct_spelling
convert categories to numeric,encode_categorical
convert types to categorical,fix_data_types
regularize all text,standardize_data
translate text columns in the dataset,encode_categorical
fix missing cells,handle_missing_values
standardize text mistakes,correct_spelling
cast dtypes,fix_data_types
with aggregations to design new attributes,feature_engineering
amend typos in dataframe,correct_spelling
can you build my nails,unknown_intent
change column formats to float in price column,fix_data_types
find extreme points using boxplot method from dataframe,detect_outliers
standardize text across dataset in the dataset,standardize_data
nulls should be manage,handle_missing_values
don't don't remove outlier rows,keep_outliers
translate categorical features to numeric,encode_categorical
regularize labels in all columns,standardize_data
pick features for prediction of score,feature_selection
ensure correct column formats,fix_data_types
leave all unusual values,keep_outliers
convert non-numeric columns to numerical values,encode_categorical
spelling mistakes should be correct,correct_spelling
select key features with filter method for name,feature_selection
create custom feature variables,feature_engineering
fix NaNs in data,handle_missing_values
preserve all anomalies,keep_outliers
resolve data inconsistencies in values,remove_inconsistencies
change variable types to categorical in dataframe,fix_data_types
can you sing,unknown_intent
process missing entries using linear interpolation,handle_missing_values
keep all anomalies,keep_outliers
run feature selection by embedded method target column: name,feature_selection
i like to mix,unknown_intent
don't maintain outlier rows,keep_outliers
construct additional features with feature crosses,feature_engineering
anomalies should be don't remove,keep_outliers
normalize numerical features using min-max scaling,scale_numerical
sweep today,unknown_intent
derive custom features with feature crosses,feature_engineering
do not remove anomalous data,keep_outliers
convert type definitions to object,fix_data_types
don't delete extreme points for further analysis,keep_outliers
transform text features to dummy variables in the dataset,encode_categorical
convert column formats to boolean,fix_data_types
modify column formats in the dataset,fix_data_types
extract top predictors by RFE for modeling,feature_selection
make consistent data using template,standardize_data
rectify text mistakes,correct_spelling
can you wash,unknown_intent
map categorical features with frequency encoding,encode_categorical
discard all duplicate entries,remove_duplicates
fix irregular data from the data,remove_inconsistencies
exclude anomalies,detect_outliers
tell me about the car,unknown_intent
standardize date formats to uniform format across columns,standardize_data
build additional features by binning for better accuracy,feature_engineering
datatypes should be modify,fix_data_types
construct feature variables for analysis,feature_engineering
find all outlier records,detect_outliers
process NA values via mean imputation,handle_missing_values
process NaNs,handle_missing_values
extract features by RFE target column: price,feature_selection
correct incorrect spellings,correct_spelling
address all conflicting values,remove_inconsistencies
amend typos in string columns,correct_spelling
standardize numerical features with standard scaling,scale_numerical
apply align to date formats,standardize_data
fix NA values,handle_missing_values
don't delete extreme points,keep_outliers
filter repeated records from the data,remove_duplicates
based on customer_id get rid of repeated entries,remove_duplicates
drop all duplicate observations,remove_duplicates
redundant rows should be drop,remove_duplicates
clean and filter out anomalies,detect_outliers
apply with one-hot encoding to category columns,encode_categorical
with binary encoding for categorical data,encode_categorical
get relevant key features target: category,feature_selection
transform text columns to integers in price column,encode_categorical
develop new attributes,feature_engineering
tell me about the bathroom,unknown_intent
adjust quantitative variables,scale_numerical
select best attributes using income as target for analysis,feature_selection
don't save extreme points,keep_outliers
make consistent formats using standards in the dataset,standardize_data
turn string variables using ordinal encoding in dataframe,encode_categorical
engineer derived features using domain knowledge for the model,feature_engineering
fix empty entries in the dataset,handle_missing_values
correct misspellings in column income,correct_spelling
adjust data formats to float,fix_data_types
scale numerical values in the dataset,scale_numerical
identify extreme points,detect_outliers
process undefined values in the data,handle_missing_values
translate text features with frequency encoding in the dataset,encode_categorical
apply regularize to data,standardize_data
don't save unusual values,keep_outliers
unify data in years_experience column,standardize_data
handle undefined values,handle_missing_values
turn string variables,encode_categorical
format data,standardize_data
duplicates should be clean,remove_duplicates
transform types for all columns,fix_data_types
using boxplot method to filter out abnormal data,detect_outliers
leave anomalous data in dataset,keep_outliers
standardize spelling,correct_spelling
convert type definitions for all columns,fix_data_types
using years_experience discard duplicate entries,remove_duplicates
with aggregations to extract engineered features,feature_engineering
manage missing data using mean value in column salary,handle_missing_values
transform numeric columns in price column,scale_numerical
clean repeated entries from data,remove_duplicates
correct data data conflicts,remove_inconsistencies
identify useful features,feature_selection
update data types to str,fix_data_types
delete all anomalies,detect_outliers
resolve all mismatches,remove_inconsistencies
do not remove abnormal data,keep_outliers
deduplicate all duplicates,remove_duplicates
don't preserve anomalies,keep_outliers
using transformations to construct feature variables,feature_engineering
turn text features with one-hot encoding,encode_categorical
select predictors using mutual information for classification,feature_selection
get rid of redundant rows from data,remove_duplicates
correct data mismatches,remove_inconsistencies
format columns across columns,standardize_data
build a cake,unknown_intent
extreme points must be preserve,keep_outliers
fix empty entries using linear interpolation in column income,handle_missing_values
anomalous data should be keep,keep_outliers
design feature columns to improve performance,feature_engineering
engineer feature columns,feature_engineering
modify datatypes in income column,fix_data_types
transform categorical features to dummy variables for income,encode_categorical
remove extreme points by percentile in numeric columns,detect_outliers
treat null values in name column,handle_missing_values
construct feature variables using transformations,feature_engineering
rescale all continuous features,scale_numerical
deduplicate all redundant rows,remove_duplicates
apply standardize to formats,standardize_data
please listen TV,unknown_intent
pick best attributes for predicting years_experience,feature_selection
eliminate identical rows from data,remove_duplicates
normalize text using template across columns,standardize_data
run feature selection by correlation,feature_selection
transform data formats to object,fix_data_types
detect outlier records by percentile from age,detect_outliers
discard outlier rows with z-score in column income,detect_outliers
process missing data by mode,handle_missing_values
change variable types to numeric,fix_data_types
standardize all incorrect spellings,correct_spelling
deal with null values by backward fill for column age,handle_missing_values
make consistent all labels,standardize_data
pick useful features,feature_selection
transform all numeric columns,scale_numerical
encode categorical columns in customer_id column,encode_categorical
encode text columns to numerical values,encode_categorical
construct features using transformations,feature_engineering
why is TV,unknown_intent
please climb,unknown_intent
structure formats across dataset in the dataset,standardize_data
create new attributes using polynomial features,feature_engineering
fill missing entries using mode,handle_missing_values
impute missing data,handle_missing_values
clean data conflicts in the dataset,remove_inconsistencies
discard extreme points across all features,detect_outliers
undefined values should be replace,handle_missing_values
maintain extreme points for further analysis,keep_outliers
correct spelling errors in text columns,correct_spelling
discard duplicate entries from data,remove_duplicates
convert variable types to float,fix_data_types
find unusual values from the data,detect_outliers
clean inconsistent data in dataframe,remove_inconsistencies
engineer derived features for the model,feature_engineering
create new attributes using domain knowledge for the model,feature_engineering
handle conflicting entries,remove_inconsistencies
choose significant features by correlation,feature_selection
from existing columns to construct new features,feature_engineering
tell me about a letter,unknown_intent
how to sing,unknown_intent
adjust text mistakes in string columns,correct_spelling
adjust numeric features in the dataset,scale_numerical
don't remove anomalous data,keep_outliers
with robust scaling for numeric columns,scale_numerical
keep outlier records for study,keep_outliers
correct conflicting entries in dataframe,remove_inconsistencies
standardize formats by convention in dataframe,standardize_data
text errors should be repair,correct_spelling
rescale continuous features using max-abs scaling in dataframe,scale_numerical
adjust spelling errors in the dataset,correct_spelling
get rid of outlier entries,detect_outliers
standardize numeric features using min-max scaling across all features,scale_numerical
format entries to common format in all columns,standardize_data
based on name delete duplicates,remove_duplicates
run for me please,unknown_intent
handle missing cells in dataframe,handle_missing_values
show me my clothes,unknown_intent
develop engineered features by combining features for ML,feature_engineering
deal with all undefined values,handle_missing_values
determine top-k useful features,feature_selection
mismatches should be handle,remove_inconsistencies
eliminate all outlier entries,detect_outliers
don't don't remove extreme points,keep_outliers
treat all NaNs,handle_missing_values
create feature columns from existing columns,feature_engineering
engineer features by combining features,feature_engineering
keep outlier records unchanged,keep_outliers
manage undefined values via mean imputation,handle_missing_values
repair spelling in column date,correct_spelling
don't don't delete outlier rows,keep_outliers
retain extreme values for investigation,keep_outliers
unify columns across columns,standardize_data
determine relevant predictors target column: age,feature_selection
change field types to numeric,fix_data_types
extract top 5 important features,feature_selection
clean inconsistencies across columns,remove_inconsistencies
show me the bed,unknown_intent
standardize entries to consistent format,standardize_data
unify naming conventions using standards,standardize_data
extract top features by correlation for classification,feature_selection
save extreme values,keep_outliers
get rid of and find outlier records,detect_outliers
convert column formats to date,fix_data_types
update types,fix_data_types
translate categories in the dataset,encode_categorical
using polynomial features to create custom features,feature_engineering
retain all anomalies,keep_outliers
what about a photo,unknown_intent
roast the the top,unknown_intent
construct features for the model,feature_engineering
how does the floor work,unknown_intent
engineer feature variables from existing columns,feature_engineering
regularize labels,standardize_data
in dataframe discard identical rows,remove_duplicates
don't remove all anomalous data,keep_outliers
drop duplicate data from data,remove_duplicates
with z-score to drop outlier rows,detect_outliers
sweep the a photo,unknown_intent
replace empty entries in data,handle_missing_values
using label encoding for text features,encode_categorical
develop additional features for ML,feature_engineering
adjust incorrect spellings in text columns,correct_spelling
tell me about the dishes,unknown_intent
remove duplicate rows based on name,remove_duplicates
get significant features for prediction of amount,feature_selection
get rid of and filter out abnormal data,detect_outliers
develop additional features,feature_engineering
with binary encoding for text columns,encode_categorical
unusual values must be preserve,keep_outliers
transform types to string,fix_data_types
amend text text mistakes,correct_spelling
adjust numeric data across all features,scale_numerical
modify column types to numeric across columns,fix_data_types
spelling should be correct,correct_spelling
turn all non-numeric columns,encode_categorical
convert datatypes to numeric,fix_data_types
extract useful features for predicting score,feature_selection
process missing values in numeric columns,handle_missing_values
make consistent date formats across dataset in dataframe,standardize_data
impute NA values in data,handle_missing_values
convert type definitions to date in the dataset,fix_data_types
apply to dummy variables to text features,encode_categorical
convert column types to float,fix_data_types
make consistent categories using template,standardize_data
fix dtypes,fix_data_types
handle empty cells,handle_missing_values
filter out anomalous data from dataframe,detect_outliers
get top-k predictors,feature_selection
fix variable types in user_id column,fix_data_types
tell me about tennis,unknown_intent
correct spelling errors in dataframe,correct_spelling
apply using ordinal encoding to categories,encode_categorical
set data formats to category across columns,fix_data_types
from data clean duplicate observations,remove_duplicates
do not remove unusual values,keep_outliers
deal with NaNs with median,handle_missing_values
repair text errors in text columns,correct_spelling
extract key features,feature_selection
fix data conflicting values,remove_inconsistencies
keep all outlier records,keep_outliers
show me the dishes,unknown_intent
with statistical tests to determine significant features,feature_selection
clean text spelling mistakes,correct_spelling
from dataset deduplicate identical rows,remove_duplicates
save all anomalous data,keep_outliers
address inconsistencies in values,remove_inconsistencies
with MAD method to discard unusual values,detect_outliers
jump,unknown_intent
remove and get rid of anomalies,detect_outliers
convert categorical features in column date,encode_categorical
with constant value for undefined values,handle_missing_values
data inconsistencies should be resolve,remove_inconsistencies
clean text typographical errors,correct_spelling
standardize numeric variables with StandardScaler in dataframe,scale_numerical
normalize numerical values with StandardScaler in dataframe,scale_numerical
build feature variables,feature_engineering
run feature selection with statistical tests,feature_selection
standardize continuous features with robust scaling in dataframe,scale_numerical
discard extreme values using IQR,detect_outliers
i want to cut,unknown_intent
identify outlier entries in numeric columns,detect_outliers
normalize quantitative variables for all numeric columns,scale_numerical
transform numerical values using min-max scaling for all numeric columns,scale_numerical
construct feature variables by combining features for analysis,feature_engineering
convert categorical columns with binary encoding in the dataset,encode_categorical
correct typos,correct_spelling
clean inconsistent values in column rating,remove_inconsistencies
dust for me,unknown_intent
amend spelling errors across all text,correct_spelling
abnormal data must be don't remove,keep_outliers
don't don't delete extreme points,keep_outliers
select attributes for prediction,feature_selection
generate custom new features,feature_engineering
transform numeric features to 0-1 range for all numeric columns,scale_numerical
correct discrepancies across columns,remove_inconsistencies
exclude all outlier entries,detect_outliers
using domain knowledge to derive additional features,feature_engineering
get rid of duplicates in dataframe,remove_duplicates
drive for me please,unknown_intent
filter repeated entries using price,remove_duplicates
transform numerical values using normalization,scale_numerical
please drive lunch,unknown_intent
i want to sweep the garage,unknown_intent
redundant rows should be get rid of,remove_duplicates
structure data to uniform format,standardize_data
why is my hands,unknown_intent
fly the a cake,unknown_intent
by combining features to extract engineered features,feature_engineering
turn text columns using label encoding in the dataset,encode_categorical
i need to fry,unknown_intent
clean all text errors,correct_spelling
correct all misspellings,correct_spelling
with frequency encoding for non-numeric columns,encode_categorical
set variable types to numeric,fix_data_types
correct spelling errors,correct_spelling
deal with conflicting values in categories,remove_inconsistencies
convert continuous variables in the dataset,scale_numerical
eliminate identical rows considering customer_id,remove_duplicates
convert numeric columns across all features,scale_numerical
extract custom features,feature_engineering
extract relevant features relevant to id,feature_selection
don't maintain extreme values,keep_outliers
what is my teeth,unknown_intent
convert text columns for price,encode_categorical
i want to boil,unknown_intent
normalize continuous variables using max-abs scaling,scale_numerical
remove duplicate data,remove_duplicates
scale all numeric columns,scale_numerical
tidy a text,unknown_intent
eliminate and remove extreme data points,detect_outliers
identify extreme data points,detect_outliers
structure fields using standards across columns,standardize_data
turn all categories,encode_categorical
treat missing data using mean,handle_missing_values
find all anomalous data,detect_outliers
using user_id filter duplicate rows,remove_duplicates
clean all conflicting entries,remove_inconsistencies
using boxplot method to delete outlier entries,detect_outliers
i need to swim,unknown_intent
replace NaNs from date,handle_missing_values
outlier rows must be leave,keep_outliers
convert column formats to object,fix_data_types
get top features for target salary for modeling,feature_selection
outlier rows must be keep,keep_outliers
address irregular data,remove_inconsistencies
convert column types,fix_data_types
drop duplicates in the table,remove_duplicates
sleep the the bed,unknown_intent
deal with conflicting values in values,remove_inconsistencies
by statistical method to discard extreme data points,detect_outliers
standardize numeric features with StandardScaler,scale_numerical
get attributes related to date,feature_selection
missing values should be manage,handle_missing_values
don't delete anomalous data,keep_outliers
align all fields,standardize_data
update type definitions to float,fix_data_types
what about a text,unknown_intent
clean abnormal data,detect_outliers
discard duplicate rows from data,remove_duplicates
turn text columns to numerical values,encode_categorical
with robust scaling for numeric data,scale_numerical
dtypes should be change,fix_data_types
abnormal data should be save,keep_outliers
unify text to common format,standardize_data
remove identical rows in the table,remove_duplicates
derive additional features with feature crosses for analysis,feature_engineering
convert numerical data with StandardScaler,scale_numerical
select relevant features relevant to name,feature_selection
turn text columns in the dataset,encode_categorical
clean today,unknown_intent
find predictors with target=user_id,feature_selection
fix field types to datetime,fix_data_types
exclude outlier rows by statistical method,detect_outliers
manage all missing data,handle_missing_values
design custom new attributes,feature_engineering
map category columns in salary column,encode_categorical
wash,unknown_intent
how does the news work,unknown_intent
modify data formats,fix_data_types
in dataframe discard repeated rows,remove_duplicates
encode text features in dataframe,encode_categorical
throw the the table,unknown_intent
choose best features using mutual information target column: income,feature_selection
find extreme data points,detect_outliers
don't leave outlier rows,keep_outliers
normalize all formats,standardize_data
build feature variables by mathematical operations,feature_engineering
eliminate identical rows in the table,remove_duplicates
duplicate entries should be eliminate,remove_duplicates
what about water,unknown_intent
exclude extreme values in user_id column,detect_outliers
clean irregular entries in column user_id,remove_inconsistencies
clean conflicting entries in the dataset,remove_inconsistencies
keep extreme points for analysis,keep_outliers
type definitions should be cast,fix_data_types
spelling mistakes should be fix,correct_spelling
scale all continuous features,scale_numerical
apply to numeric to text columns,encode_categorical
change column types for all columns,fix_data_types
adjust spelling mistakes in dataframe,correct_spelling
amend text errors in name column,correct_spelling
get rid of duplicate records,remove_duplicates
get rid of outlier rows with MAD method from the data,detect_outliers
determine attributes relevant to date,feature_selection
convert type definitions to float,fix_data_types
datatypes should be convert,fix_data_types
deal with undefined values with interpolation,handle_missing_values
fix empty entries in data,handle_missing_values
considering years_experience eliminate duplicates,remove_duplicates
standardize text text errors,correct_spelling
modify column types to object,fix_data_types
please organize,unknown_intent
by mode for undefined values,handle_missing_values
what is a photo,unknown_intent
correct data inconsistencies,remove_inconsistencies
make columns consistent,standardize_data
set datatypes for rating,fix_data_types
deduplicate all duplicate data,remove_duplicates
deduplicate repeated records from data,remove_duplicates
standardize text spelling errors,correct_spelling
maintain all extreme values,keep_outliers
map string categories in salary column,encode_categorical
using name eliminate duplicate entries,remove_duplicates
apply unify to labels,standardize_data
discrepancies should be deal with,remove_inconsistencies
repair incorrect spellings in string columns,correct_spelling
convert numeric variables with standard scaling,scale_numerical
typographical errors should be amend,correct_spelling
clean data inconsistencies in user_id column,remove_inconsistencies
address missing data for column salary,handle_missing_values
extract top-k features target=date,feature_selection
clean repeated rows based on category,remove_duplicates
to 0-1 range for quantitative variables,scale_numerical
make consistent columns in all columns,standardize_data
convert type definitions to int,fix_data_types
process null values with ffill,handle_missing_values
structure text,standardize_data
extract best attributes for predicting price,feature_selection
apply to numeric to category columns,encode_categorical
please read the dog,unknown_intent
translate text columns using target encoding in the dataset,encode_categorical
eliminate discrepancies in column age,remove_inconsistencies
cast type definitions to boolean in date column,fix_data_types
correct spelling in dataframe,correct_spelling
engineer custom features for better accuracy,feature_engineering
correct all conflicting entries,remove_inconsistencies
i want to catch,unknown_intent
resolve inconsistent data in categories,remove_inconsistencies
outlier records must be maintain,keep_outliers
text errors should be fix,correct_spelling
fix typographical errors,correct_spelling
can you dust wine,unknown_intent
fix spelling errors in data,correct_spelling
engineer derived features by mathematical operations,feature_engineering
freeze the water,unknown_intent
filter all redundant rows,remove_duplicates
leave abnormal data for further analysis,keep_outliers
boil the the window,unknown_intent
extract engineered features for ML,feature_engineering
fill missing data with ffill,handle_missing_values
generate additional features to improve performance,feature_engineering
choose relevant features for prediction of score,feature_selection
keep outliers intact,keep_outliers
structure text in the dataset,standardize_data
i want to vacuum the laundry,unknown_intent
create new features to improve performance,feature_engineering
fix text typos,correct_spelling
standardize typos in the dataset,correct_spelling
discard outliers using standard deviation in category column,detect_outliers
text mistakes should be repair,correct_spelling
change all string variables,encode_categorical
clean spelling errors across all text,correct_spelling
standardize date formats to consistent format,standardize_data
make consistent all formats,standardize_data
extract useful features that predict customer_id,feature_selection
with standard scaling for continuous variables,scale_numerical
rescale numerical features to 0-1 range,scale_numerical
using mode for empty entries,handle_missing_values
apply with one-hot encoding to categories,encode_categorical
fix data mismatches,remove_inconsistencies
impute blank entries with interpolation in income column,handle_missing_values
clean conflicting values in column age,remove_inconsistencies
adjust variable types to date,fix_data_types
rectify text incorrect spellings,correct_spelling
clean all typos,correct_spelling
treat missing cells,handle_missing_values
conflicting values should be handle,remove_inconsistencies
handle blank entries by forward fill in numeric columns,handle_missing_values
don't remove all anomalies,keep_outliers
exclude anomalous data with z-score from the data,detect_outliers
structure all date formats,standardize_data
treat NaNs in data,handle_missing_values
dtypes should be adjust,fix_data_types
change type definitions,fix_data_types
handle NA values with median in salary column,handle_missing_values
clean conflicting entries from data,remove_inconsistencies
turn categorical columns with binary encoding,encode_categorical
in the table discard duplicate rows,remove_duplicates
drop redundant rows using amount,remove_duplicates
address inconsistent data,remove_inconsistencies
apply standardize to text,standardize_data
anomalous data should be retain,keep_outliers
preserve outliers for further analysis,keep_outliers
impute nulls in the data,handle_missing_values
convert data formats to datetime,fix_data_types
tell me about the laundry,unknown_intent
what about the dishes,unknown_intent
make consistent text in column salary,standardize_data
perform feature selection with target=date,feature_selection
please draw my shoes,unknown_intent
polish the my hands,unknown_intent
clean all misspellings,correct_spelling
by binning to construct new attributes,feature_engineering
standardize numerical data,scale_numerical
extract derived features by combining features,feature_engineering
bake for me please,unknown_intent
map text columns to numeric in dataframe,encode_categorical
unify categories to uniform format,standardize_data
align naming conventions using template across columns,standardize_data
normalize numerical features,scale_numerical
adjust typos,correct_spelling
eliminate duplicates from dataset,remove_duplicates
correct inconsistent values,remove_inconsistencies
drop and delete extreme values,detect_outliers
identify key features related to id,feature_selection
apply format to text,standardize_data
normalize numerical features using MinMax in column score,scale_numerical
find outlier records using IQR,detect_outliers
derive feature columns for ML,feature_engineering
apply structure to naming conventions,standardize_data
convert numeric variables in the dataset,scale_numerical
let us bake,unknown_intent
regularize date formats in id column,standardize_data
normalize date formats using standards in price column,standardize_data
treat all missing values,handle_missing_values
fix missing entries across all columns,handle_missing_values
to dummy variables for categorical features,encode_categorical
using max-abs scaling for numeric columns,scale_numerical
delete all abnormal data,detect_outliers
standardize numerical values using min-max scaling in price column,scale_numerical
remove data conflicts,remove_inconsistencies
structure fields in rating column,standardize_data
deal with NA values using mean in column score,handle_missing_values
using transformations to create derived features,feature_engineering
apply unify to data,standardize_data
modify type definitions for user_id,fix_data_types
set field types to categorical in dataframe,fix_data_types
remove duplicate observations,remove_duplicates
discrepancies should be eliminate,remove_inconsistencies
using polynomial features to build new attributes,feature_engineering
apply standardize to date formats,standardize_data
repair text errors,correct_spelling
harmonize columns in column id,standardize_data
catch,unknown_intent
turn non-numeric columns to dummy variables in the dataset,encode_categorical
derive features by mathematical operations for modeling,feature_engineering
contradictions should be remove,remove_inconsistencies
run feature selection using mutual information for customer_id,feature_selection
perform feature selection based on age,feature_selection
convert categorical columns using label encoding in the dataset,encode_categorical
format labels to uniform format,standardize_data
clean outlier rows by statistical method from the data,detect_outliers
identify predictors,feature_selection
convert categorical columns to dummy variables,encode_categorical
extract feature columns for ML,feature_engineering
design engineered features,feature_engineering
fix empty cells in data,handle_missing_values
mismatches should be fix,remove_inconsistencies
align text,standardize_data
align fields in rating column,standardize_data
turn categories,encode_categorical
using standard deviation to exclude extreme observations,detect_outliers
identify outlier entries,detect_outliers
amend text typos,correct_spelling
i want to paint a photo,unknown_intent
derive new attributes using transformations for ML,feature_engineering
handle conflicting values in categories,remove_inconsistencies
convert continuous variables with StandardScaler,scale_numerical
clean discrepancies across columns,remove_inconsistencies
paint for me please,unknown_intent
don't remove anomalous data for further analysis,keep_outliers
don't delete anomalies,keep_outliers
harmonize columns by convention across columns,standardize_data
convert column formats across columns,fix_data_types
standardize incorrect spellings in text columns,correct_spelling
normalize data to common format in the dataset,standardize_data
get rid of all anomalous data,detect_outliers
transform numerical data across all features,scale_numerical
apply to 0-1 range to numeric variables,scale_numerical
make consistent all values,standardize_data
unusual values should be don't remove,keep_outliers
engineer custom feature variables,feature_engineering
generate custom features,feature_engineering
create additional features using transformations for modeling,feature_engineering
determine top 10 significant features for target category,feature_selection
delete duplicate observations considering id,remove_duplicates
by statistical method to identify abnormal data,detect_outliers
unify text in dataframe,standardize_data
update variable types to string,fix_data_types
translate categories,encode_categorical
don't delete anomalous data for study,keep_outliers
determine useful features using mutual information,feature_selection
apply using label encoding to string categories,encode_categorical
delete extreme observations using boxplot method,detect_outliers
to numeric for categorical variables,encode_categorical
show me a bath,unknown_intent
redundant rows should be clean,remove_duplicates
amend all spelling errors,correct_spelling
encode all string categories,encode_categorical
with isolation forest to clean anomalous data,detect_outliers
eliminate extreme data points with isolation forest from name,detect_outliers
filter all duplicate rows,remove_duplicates
apply with StandardScaler to numeric variables,scale_numerical
convert dtypes to str,fix_data_types
get features for modeling,feature_selection
remove inconsistent values in dataframe,remove_inconsistencies
keep extreme points for investigation,keep_outliers
scale continuous features with z-score,scale_numerical
maintain unusual values for review,keep_outliers
change categorical data in column income,encode_categorical
standardize continuous features,scale_numerical
by mode for nulls,handle_missing_values
normalize all quantitative variables,scale_numerical
preserve abnormal data for further analysis,keep_outliers
don't remove anomalies intact,keep_outliers
discard all outlier entries,detect_outliers
clean irregular data across columns,remove_inconsistencies
remove repeated entries from the data,remove_duplicates
handle empty entries in the data,handle_missing_values
convert data formats to numeric,fix_data_types
don't remove all extreme points,keep_outliers
translate categories using label encoding for age,encode_categorical
determine top predictors for modeling,feature_selection
deduplicate repeated entries in the table,remove_duplicates
modify column formats to object for all columns,fix_data_types
using label encoding for string categories,encode_categorical
convert type definitions,fix_data_types
construct new attributes using domain knowledge to improve performance,feature_engineering
what is a letter,unknown_intent
don't delete outlier records for analysis,keep_outliers
find useful features using chi-square for ML,feature_selection
considering category eliminate repeated rows,remove_duplicates
turn category columns with binary encoding,encode_categorical
with feature crosses to construct new attributes,feature_engineering
don't remove abnormal data untouched,keep_outliers
fix spelling mistakes,correct_spelling
normalize numeric data,scale_numerical
turn categorical columns in dataframe,encode_categorical
do not remove anomalies,keep_outliers
identify and detect abnormal data,detect_outliers
what about lunch,unknown_intent
apply align to data,standardize_data
get rid of identical rows by column customer_id,remove_duplicates
choose top 10 important features,feature_selection
using DBSCAN to exclude extreme data points,detect_outliers
manage undefined values in data,handle_missing_values
using min-max scaling for continuous features,scale_numerical
correct field types in dataframe,fix_data_types
adjust numerical values using max-abs scaling,scale_numerical
walk the floor,unknown_intent
filter out all extreme points,detect_outliers
don't delete abnormal data,keep_outliers
convert categorical data using target encoding,encode_categorical
from dataset delete repeated records,remove_duplicates
manage undefined values with median,handle_missing_values
choose best attributes using mutual information related to customer_id,feature_selection
fix text mistakes in dataframe,correct_spelling
fix inconsistent data,remove_inconsistencies
exclude outlier entries using DBSCAN in score column,detect_outliers
pick top predictors for prediction of amount,feature_selection
duplicates should be deduplicate,remove_duplicates
rescale numeric features in column age,scale_numerical
address conflicting entries from the data,remove_inconsistencies
convert category columns to dummy variables in dataframe,encode_categorical
show me the car,unknown_intent
handle discrepancies in categories,remove_inconsistencies
unify values in amount column,standardize_data
align labels,standardize_data
drop duplicate records,remove_duplicates
duplicate entries should be drop,remove_duplicates
align columns to consistent format in all columns,standardize_data
with statistical tests to extract key features,feature_selection
in dataframe discard duplicate rows,remove_duplicates
convert numerical values for all numeric columns,scale_numerical
transform all numeric variables,scale_numerical
extract attributes relevant to id,feature_selection
delete all unusual values,detect_outliers
align categories in column rating,standardize_data
using domain knowledge to construct features,feature_engineering
change categorical variables in dataframe,encode_categorical
retain unusual values,keep_outliers
extract significant features by RFE target column: date,feature_selection
clean all discrepancies,remove_inconsistencies
find and find extreme data points,detect_outliers
deal with undefined values in data,handle_missing_values
build feature variables using domain knowledge,feature_engineering
convert datatypes to str,fix_data_types
using MinMax for numeric data,scale_numerical
design custom feature columns,feature_engineering
preserve outlier records for analysis,keep_outliers
correct contradictions in date formats,remove_inconsistencies
transform data formats,fix_data_types
adjust data types for all columns,fix_data_types
find significant features using importance for modeling,feature_selection
outlier records should be don't remove,keep_outliers
change category columns,encode_categorical
design features by interaction,feature_engineering
transform datatypes to float,fix_data_types
rescale numerical features in column age,scale_numerical
from data eliminate repeated records,remove_duplicates
harmonize values by convention,standardize_data
eliminate inconsistencies across columns,remove_inconsistencies
identify useful features relevant to score,feature_selection
process empty cells in data,handle_missing_values
make consistent all naming conventions,standardize_data
preserve anomalies for review,keep_outliers
encode non-numeric columns using label encoding in dataframe,encode_categorical
transform numerical features using normalization,scale_numerical
change categorical features with binary encoding,encode_categorical
by mode for NA values,handle_missing_values
chop today,unknown_intent
unusual values should be save,keep_outliers
process empty cells,handle_missing_values
clean inconsistent values in the dataset,remove_inconsistencies
typos should be clean,correct_spelling
using target encoding for text features,encode_categorical
drop abnormal data in numeric columns,detect_outliers
select relevant top predictors using income as target,feature_selection
don't keep outliers,keep_outliers
resolve inconsistencies in values,remove_inconsistencies
address all undefined values,handle_missing_values
deal with empty cells using mean value,handle_missing_values
convert numerical data in column income,scale_numerical
modify types to datetime in the dataset,fix_data_types
handle all data conflicts,remove_inconsistencies
convert type definitions to string,fix_data_types
can you drink the window,unknown_intent
convert numeric variables using normalization in the dataset,scale_numerical
regularize text in dataframe,standardize_data
don't delete all outliers,keep_outliers
i want to sell,unknown_intent
regularize text,standardize_data
convert string categories,encode_categorical
redundant rows should be delete,remove_duplicates
clean inconsistencies in column user_id,remove_inconsistencies
manage NA values,handle_missing_values
what is my hair,unknown_intent
column formats should be update,fix_data_types
eliminate contradictions in date formats,remove_inconsistencies
develop engineered features with feature crosses for better accuracy,feature_engineering
with feature crosses to develop feature columns,feature_engineering
align entries to uniform format,standardize_data
to numerical values for categorical data,encode_categorical
exclude all extreme data points,detect_outliers
handle NaNs with median from age,handle_missing_values
i want to dust,unknown_intent
identify extreme values in numeric columns,detect_outliers
clean inconsistent values,remove_inconsistencies
delete all extreme points,detect_outliers
standardize labels in the dataset,standardize_data
structure data by convention in the dataset,standardize_data
fix types in dataframe,fix_data_types
please wash the laundry,unknown_intent
identify significant features for analysis,feature_selection
identify unusual values,detect_outliers
let us tidy,unknown_intent
leave anomalous data,keep_outliers
based on user_id discard duplicate data,remove_duplicates
filter duplicate records from data,remove_duplicates
identify attributes for prediction,feature_selection
deduplicate all duplicate rows,remove_duplicates
convert numeric data using MinMax across all features,scale_numerical
climb for me please,unknown_intent
by backward fill for NA values,handle_missing_values
to dummy variables for non-numeric columns,encode_categorical
don't remove all outliers,keep_outliers
find useful features,feature_selection
adjust type definitions to boolean in date column,fix_data_types
with binary encoding for string variables,encode_categorical
text mistakes should be amend,correct_spelling
anomalous data should be don't delete,keep_outliers
change all categorical data,encode_categorical
delete unusual values from the data,detect_outliers
generate custom derived features,feature_engineering
clean extreme observations using standard deviation,detect_outliers
eliminate duplicate entries from data,remove_duplicates
extreme values must be don't delete,keep_outliers
address data inconsistencies in values,remove_inconsistencies
transform string categories in the dataset,encode_categorical
remove all inconsistencies,remove_inconsistencies
correct spelling in amount column,correct_spelling
rescale numeric variables for all numeric columns,scale_numerical
clean duplicate rows by column id,remove_duplicates
identify and clean abnormal data,detect_outliers
via mean imputation for null values,handle_missing_values
apply with robust scaling to numerical data,scale_numerical
get best 20 attributes related to column id,feature_selection
repair spelling mistakes in dataframe,correct_spelling
detect and exclude outlier entries,detect_outliers
remove data inconsistencies in date formats,remove_inconsistencies
amend all typos,correct_spelling
play for me please,unknown_intent
rescale numerical data,scale_numerical
with z-score to eliminate extreme points,detect_outliers
i want to jump a movie,unknown_intent
normalize fields,standardize_data
transform text columns using label encoding,encode_categorical
apply format to categories,standardize_data
fill empty cells,handle_missing_values
based on income drop duplicate data,remove_duplicates
build custom features from existing columns,feature_engineering
why is football,unknown_intent
change all category columns,encode_categorical
build custom features,feature_engineering
fix irregular data in date formats,remove_inconsistencies
treat all NA values,handle_missing_values
fix misspellings in data,correct_spelling
text mistakes should be adjust,correct_spelling
select predictors,feature_selection
fix blank entries in id column,handle_missing_values
text errors should be standardize,correct_spelling
why is my car,unknown_intent
fix data inconsistencies from the data,remove_inconsistencies
get top-k attributes target=date,feature_selection
identify anomalies with z-score,detect_outliers
change column formats across columns,fix_data_types
filter out outlier entries,detect_outliers
outlier records should be maintain,keep_outliers
encode string categories,encode_categorical
adjust field types to numeric in the dataset,fix_data_types
correct text spelling errors,correct_spelling
discard all outlier rows,detect_outliers
get rid of repeated entries,remove_duplicates
develop new features for ML,feature_engineering
discard repeated entries from dataset,remove_duplicates
unusual values must be leave,keep_outliers
align date formats across dataset in column name,standardize_data
fix data types in the dataset,fix_data_types
fill all empty cells,handle_missing_values
fix irregular entries,remove_inconsistencies
eliminate extreme points in numeric columns,detect_outliers
remove discrepancies in date formats,remove_inconsistencies
detect outlier rows by statistical method in amount column,detect_outliers
from data drop repeated records,remove_duplicates
clean inconsistencies from the data,remove_inconsistencies
data formats should be modify,fix_data_types
make date formats consistent,standardize_data
save extreme points,keep_outliers
replace NaNs with median value in dataframe,handle_missing_values
how to climb,unknown_intent
preserve outlier rows intact,keep_outliers
using MinMax for numeric features,scale_numerical
remove all identical rows,remove_duplicates
get key features for prediction of years_experience,feature_selection
fix data data inconsistencies,remove_inconsistencies
address data conflicting entries,remove_inconsistencies
i want to drive football,unknown_intent
rectify spelling in text columns,correct_spelling
can you draw a song,unknown_intent
irregular entries should be resolve,remove_inconsistencies
identify and get rid of outlier records,detect_outliers
standardize continuous features across all features,scale_numerical
find important features,feature_selection
find key features using mutual information with date as target,feature_selection
handle missing entries,handle_missing_values
apply structure to date formats,standardize_data
unify formats across dataset,standardize_data
eliminate duplicate observations,remove_duplicates
choose attributes that predict age,feature_selection
clean data inconsistencies,remove_inconsistencies
misspellings should be repair,correct_spelling
delete duplicate rows from data,remove_duplicates
amend misspellings in text columns,correct_spelling
replace all missing entries,handle_missing_values
map categorical variables to dummy variables for years_experience,encode_categorical
turn all categorical features,encode_categorical
by interaction to extract custom features,feature_engineering
identify predictors target column: years_experience,feature_selection
select significant features that predict age,feature_selection
convert text features with frequency encoding in customer_id column,encode_categorical
clean unusual values from customer_id,detect_outliers
develop additional features to improve performance,feature_engineering
can you paint,unknown_intent
choose best attributes for predicting income,feature_selection
address blank entries by dropping rows,handle_missing_values
don't delete extreme points intact,keep_outliers
apply make consistent to columns,standardize_data
filter all repeated rows,remove_duplicates
i want to play breakfast,unknown_intent
correct spelling,correct_spelling
remove all repeated rows,remove_duplicates
make consistent values across columns,standardize_data
detect anomalies from dataframe,detect_outliers
don't remove anomalies,keep_outliers
blank entries should be replace,handle_missing_values
remove data discrepancies,remove_inconsistencies
change categorical columns,encode_categorical
convert field types to boolean,fix_data_types
change variable types for all columns,fix_data_types
fix column formats in the dataset,fix_data_types
keep outliers unchanged,keep_outliers
how to polish,unknown_intent
replace all missing cells,handle_missing_values
don't leave extreme values,keep_outliers
blank entries should be impute,handle_missing_values
clean all irregular data,remove_inconsistencies
play the a picture,unknown_intent
standardize all numeric features,scale_numerical
remove duplicates by column category,remove_duplicates
preserve extreme values intact,keep_outliers
to integers for categorical data,encode_categorical
amend text incorrect spellings,correct_spelling
standardize spelling mistakes in column years_experience,correct_spelling
translate categorical variables to numerical values in user_id column,encode_categorical
eliminate irregular entries in values,remove_inconsistencies
select relevant features for predicting income,feature_selection
from existing columns to create additional features,feature_engineering
extract relevant features for prediction of category,feature_selection
manage NaNs in data,handle_missing_values
variable types should be modify,fix_data_types
filter out and clean abnormal data,detect_outliers
i need to walk,unknown_intent
handle NA values in dataframe,handle_missing_values
adjust spelling,correct_spelling
let us roast,unknown_intent
standardize labels using template,standardize_data
don't retain extreme points,keep_outliers
save outliers untouched,keep_outliers
regularize date formats,standardize_data
manage missing data,handle_missing_values
apply to numeric to non-numeric columns,encode_categorical
using IQR to get rid of outlier entries,detect_outliers
transform text features in column id,encode_categorical
design derived features by binning for better accuracy,feature_engineering
apply make consistent to text,standardize_data
exclude outliers across all features,detect_outliers
process missing values using mean from salary,handle_missing_values
delete all duplicate records,remove_duplicates
standardize text errors in income column,correct_spelling
perform feature selection with rating as target,feature_selection
convert string variables to integers in column age,encode_categorical
correct text spelling,correct_spelling
turn non-numeric columns using ordinal encoding,encode_categorical
amend incorrect spellings in column customer_id,correct_spelling
why is basketball,unknown_intent
apply using target encoding to categorical columns,encode_categorical
eliminate extreme values,detect_outliers
how does the dishes work,unknown_intent
rescale continuous features with robust scaling in the dataset,scale_numerical
freeze,unknown_intent
maintain outliers for review,keep_outliers
generate derived features,feature_engineering
repair all typos,correct_spelling
determine top 10 top features,feature_selection
make consistent categories to uniform format in all columns,standardize_data
harmonize naming conventions in income column,standardize_data
exclude and discard extreme values,detect_outliers
build engineered features from existing columns,feature_engineering
change column formats,fix_data_types
regularize categories across dataset,standardize_data
i like to cook,unknown_intent
run feature selection using wrapper method target=date,feature_selection
fix all data inconsistencies,remove_inconsistencies
using IQR to remove unusual values,detect_outliers
using mean value for nulls,handle_missing_values
select top 5 important features,feature_selection
exclude extreme observations using boxplot method,detect_outliers
fix types to object,fix_data_types
what is my clothes,unknown_intent
rescale numeric variables in name column,scale_numerical
adjust typos in dataframe,correct_spelling
with median value for empty entries,handle_missing_values
convert data formats,fix_data_types
to 0-1 range for continuous features,scale_numerical
transform numeric features to 0-1 range in user_id column,scale_numerical
normalize text in dataframe,standardize_data
transform continuous variables,scale_numerical
transform text features in dataframe,encode_categorical
get rid of extreme observations using IQR,detect_outliers
structure fields by convention across columns,standardize_data
treat missing data in data,handle_missing_values
scale numerical values using MinMax,scale_numerical
exclude outliers using DBSCAN,detect_outliers
generate new features,feature_engineering
rectify typos across all text,correct_spelling
find extreme points by percentile in the dataset,detect_outliers
resolve all irregular entries,remove_inconsistencies
deal with missing data from years_experience,handle_missing_values
adjust numerical features with StandardScaler in column score,scale_numerical
with feature crosses to construct new features,feature_engineering
run feature selection using mutual information related to salary,feature_selection
deal with missing values,handle_missing_values
clean irregular entries in the dataset,remove_inconsistencies
by binning to engineer feature columns,feature_engineering
filter out extreme data points using standard deviation from dataframe,detect_outliers
using linear interpolation for NA values,handle_missing_values
convert field types to string,fix_data_types
correct typographical errors,correct_spelling
replace all undefined values,handle_missing_values
unify naming conventions to uniform format,standardize_data
remove data irregular data,remove_inconsistencies
NaNs should be impute,handle_missing_values
standardize numeric data using normalization,scale_numerical
detect extreme values using boxplot method in column category,detect_outliers
convert dtypes to datetime in the dataset,fix_data_types
correct text errors,correct_spelling
apply structure to formats,standardize_data
i want to throw,unknown_intent
drop and remove outlier records,detect_outliers
address empty cells with interpolation,handle_missing_values
translate categorical data using ordinal encoding,encode_categorical
leave outliers for investigation,keep_outliers
using ordinal encoding for categorical columns,encode_categorical
develop engineered features with aggregations,feature_engineering
generate features for analysis,feature_engineering
scale numeric variables in dataframe,scale_numerical
with standard scaling for numerical features,scale_numerical
spelling should be repair,correct_spelling
exclude extreme observations using 3-sigma rule from the data,detect_outliers
convert data formats to integer,fix_data_types
create custom derived features,feature_engineering
leave all anomalous data,keep_outliers
generate feature variables by mathematical operations,feature_engineering
adjust all numerical data,scale_numerical
deduplicate duplicate records using date,remove_duplicates
clean spelling in text columns,correct_spelling
rectify incorrect spellings in the dataset,correct_spelling
replace NaNs by backward fill,handle_missing_values
using rating get rid of identical rows,remove_duplicates
don't remove abnormal data,keep_outliers
fix all text mistakes,correct_spelling
get best attributes that predict salary,feature_selection
mix the dishes,unknown_intent
handle missing data in the data,handle_missing_values
let us scrub,unknown_intent
build the my face,unknown_intent
address all null values,handle_missing_values
fix misspellings in column amount,correct_spelling
clean all contradictions,remove_inconsistencies
unify categories across dataset in all columns,standardize_data
with one-hot encoding for category columns,encode_categorical
map categorical columns using target encoding,encode_categorical
create features using polynomial features for analysis,feature_engineering
why is the bed,unknown_intent
drink the a movie,unknown_intent
correct field types,fix_data_types
maintain all unusual values,keep_outliers
align date formats using standards,standardize_data
adjust data types to float,fix_data_types
regularize fields in user_id column,standardize_data
engineer new features,feature_engineering
from the data delete repeated rows,remove_duplicates
remove extreme observations with MAD method in amount column,detect_outliers
fill missing cells in data,handle_missing_values
convert numeric columns in user_id column,scale_numerical
repair spelling mistakes in string columns,correct_spelling
cast type definitions in dataframe,fix_data_types
generate feature columns using domain knowledge for ML,feature_engineering
treat missing cells in dataframe,handle_missing_values
find best attributes for prediction of years_experience,feature_selection
deal with data irregular data,remove_inconsistencies
set column formats in years_experience column,fix_data_types
considering id eliminate redundant rows,remove_duplicates
design custom features for prediction,feature_engineering
resolve data conflicts,remove_inconsistencies
deduplicate identical rows,remove_duplicates
empty cells should be impute,handle_missing_values
adjust column formats,fix_data_types
repeated rows should be discard,remove_duplicates
extract significant features with statistical tests for prediction,feature_selection
normalize continuous variables to 0-1 range,scale_numerical
harmonize fields to consistent format across columns,standardize_data
clean misspellings in dataframe,correct_spelling
transform all text features,encode_categorical
update types to category,fix_data_types
resolve data irregular entries,remove_inconsistencies
eliminate repeated rows using income,remove_duplicates
apply using normalization to numeric variables,scale_numerical
address irregular data across columns,remove_inconsistencies
deal with all empty entries,handle_missing_values
repair text incorrect spellings,correct_spelling
run feature selection by correlation related to column category,feature_selection
clean spelling across all text,correct_spelling
treat undefined values in data,handle_missing_values
handle all null values,handle_missing_values
don't delete extreme points for review,keep_outliers
don't don't remove anomalous data,keep_outliers
using boxplot method to eliminate extreme points,detect_outliers
by mode for missing data,handle_missing_values
discard all identical rows,remove_duplicates
identify most important attributes for target date,feature_selection
from data delete repeated entries,remove_duplicates
scale all numeric data,scale_numerical
drop duplicate entries,remove_duplicates
drop anomalies using IQR,detect_outliers
filter duplicate observations,remove_duplicates
develop feature variables,feature_engineering
fix all spelling,correct_spelling
convert data formats to categorical,fix_data_types
eliminate data data inconsistencies,remove_inconsistencies
in the table eliminate duplicate entries,remove_duplicates
fill NA values by dropping rows in the data,handle_missing_values
remove repeated entries from data,remove_duplicates
please stir,unknown_intent
rectify spelling mistakes in text columns,correct_spelling
clean text incorrect spellings,correct_spelling
convert variable types to category,fix_data_types
keep extreme values in dataset,keep_outliers
pick best attributes,feature_selection
normalize formats to uniform format,standardize_data
eliminate unusual values across all features,detect_outliers
impute missing values via mean imputation in the data,handle_missing_values
why is a shower,unknown_intent
get relevant attributes predicting salary,feature_selection
transform numeric data to unit variance in date column,scale_numerical
manage missing values with median value in column user_id,handle_missing_values
change all string categories,encode_categorical
treat empty entries,handle_missing_values
make consistent naming conventions by convention in all columns,standardize_data
drop all anomalies,detect_outliers
apply with binary encoding to non-numeric columns,encode_categorical
i want to catch music,unknown_intent
resolve data contradictions,remove_inconsistencies
align formats in column customer_id,standardize_data
rescale numeric data using normalization,scale_numerical
spelling should be fix,correct_spelling
missing cells should be manage,handle_missing_values
resolve contradictions,remove_inconsistencies
construct engineered features by binning,feature_engineering
determine significant features using importance for analysis,feature_selection
apply with z-score to continuous variables,scale_numerical
NA values should be impute,handle_missing_values
leave extreme points,keep_outliers
with ffill for missing data,handle_missing_values
clean data conflicts from the data,remove_inconsistencies
blank entries should be fix,handle_missing_values
build custom new attributes,feature_engineering
resolve inconsistent values in naming,remove_inconsistencies
empty entries should be replace,handle_missing_values
extract features using polynomial features,feature_engineering
filter out extreme points using IQR from the data,detect_outliers
address data conflicts,remove_inconsistencies
amend spelling errors in category column,correct_spelling
apply using normalization to numerical data,scale_numerical
unify all data,standardize_data
scrub for me please,unknown_intent
scale numeric columns,scale_numerical
change string categories in age column,encode_categorical
transform categorical columns,encode_categorical
encode categorical columns in dataframe,encode_categorical
correct types to object,fix_data_types
make categories consistent,standardize_data
clean and filter out unusual values,detect_outliers
delete outlier entries across all features,detect_outliers
develop derived features from existing columns,feature_engineering
perform feature selection for target date,feature_selection
can you listen the dishes,unknown_intent
make consistent all entries,standardize_data
don't save anomalous data,keep_outliers
leave all outlier rows,keep_outliers
align fields in the dataset,standardize_data
drop repeated entries from data,remove_duplicates
scale quantitative variables for all numeric columns,scale_numerical
organize the the laundry,unknown_intent
fix nulls from age,handle_missing_values
develop custom features,feature_engineering
outliers should be leave,keep_outliers
convert types to category,fix_data_types
fix column formats to numeric,fix_data_types
convert column formats to float,fix_data_types
standardize numeric data with standard scaling,scale_numerical
scale numerical features to 0-1 range,scale_numerical
inconsistent data should be eliminate,remove_inconsistencies
make consistent columns,standardize_data
handle data data inconsistencies,remove_inconsistencies
i want to eat a book,unknown_intent
cast data formats to int for all columns,fix_data_types
detect extreme points,detect_outliers
construct features with feature crosses,feature_engineering
standardize text incorrect spellings,correct_spelling
types should be correct,fix_data_types
encode text features with binary encoding,encode_categorical
using importance to get features,feature_selection
address missing entries using mean value in the data,handle_missing_values
apply with robust scaling to numeric features,scale_numerical
amend text text errors,correct_spelling
change variable types to integer,fix_data_types
what is a shower,unknown_intent
extract top features,feature_selection
standardize spelling mistakes in string columns,correct_spelling
pick attributes for prediction of age,feature_selection
using name remove duplicate records,remove_duplicates
fill missing cells,handle_missing_values
get rid of duplicate rows based on years_experience,remove_duplicates
clean inconsistent values in years_experience column,remove_inconsistencies
extract attributes using importance,feature_selection
run feature selection using importance,feature_selection
find anomalies by percentile from the data,detect_outliers
convert dtypes to datetime,fix_data_types
set data formats,fix_data_types
choose most important useful features,feature_selection
turn non-numeric columns in column price,encode_categorical
apply using min-max scaling to quantitative variables,scale_numerical
translate category columns to dummy variables in dataframe,encode_categorical
modify datatypes to datetime in column date,fix_data_types
extract predictors based on age,feature_selection
NA values should be handle,handle_missing_values
correct type definitions in dataframe,fix_data_types
based on id delete redundant rows,remove_duplicates
with StandardScaler for numeric data,scale_numerical
extract derived features using transformations for analysis,feature_engineering
extract feature columns with aggregations,feature_engineering
handle missing values in data,handle_missing_values
develop feature columns,feature_engineering
pick key features for the model,feature_selection
deal with inconsistent values in column customer_id,remove_inconsistencies
find best attributes with statistical tests for training,feature_selection
data types should be adjust,fix_data_types
save extreme values for investigation,keep_outliers
harmonize columns to uniform format,standardize_data
convert column formats to numeric,fix_data_types
update column types to float,fix_data_types
adjust quantitative variables to unit variance in salary column,scale_numerical
clean and exclude extreme data points,detect_outliers
design engineered features for prediction,feature_engineering
dtypes should be convert,fix_data_types
please eat an email,unknown_intent
ensure correct dtypes,fix_data_types
identify top 10 important features for column amount,feature_selection
handle irregular entries,remove_inconsistencies
don't remove outlier records unchanged,keep_outliers
encode categorical features to numeric for rating,encode_categorical
clean mismatches,remove_inconsistencies
unify date formats by convention,standardize_data
find all unusual values,detect_outliers
apply to dummy variables to string variables,encode_categorical
transform string variables with frequency encoding,encode_categorical
talk my clothes,unknown_intent
harmonize values in column user_id,standardize_data
replace all missing data,handle_missing_values
outlier rows must be preserve,keep_outliers
normalize numeric columns in column user_id,scale_numerical
select best 20 attributes with target column rating,feature_selection
determine important features using mutual information,feature_selection
modify column types,fix_data_types
bake a bath,unknown_intent
discard all duplicate rows,remove_duplicates
clean extreme points using IQR,detect_outliers
conflicting entries should be fix,remove_inconsistencies
clean spelling mistakes in column category,correct_spelling
clean duplicate entries from data,remove_duplicates
find outlier rows in column price,detect_outliers
correct misspellings in the dataset,correct_spelling
clean inconsistencies in formats,remove_inconsistencies
using ordinal encoding for categorical features,encode_categorical
turn categorical columns,encode_categorical
i want to cook the floor,unknown_intent
derive additional features for prediction,feature_engineering
standardize text mistakes in string columns,correct_spelling
anomalies must be leave,keep_outliers
discard all duplicate observations,remove_duplicates
can you cut music,unknown_intent
unify entries,standardize_data
derive engineered features by binning,feature_engineering
fix field types,fix_data_types
spelling mistakes should be clean,correct_spelling
fix inconsistencies,remove_inconsistencies
adjust spelling mistakes in column amount,correct_spelling
get key features for classification,feature_selection
build derived features with aggregations to improve performance,feature_engineering
convert data types to string,fix_data_types
develop new features by mathematical operations for better accuracy,feature_engineering
i need to throw,unknown_intent
standardize formats to consistent format in all columns,standardize_data
apply harmonize to columns,standardize_data
i need to scrub,unknown_intent
extract attributes for prediction,feature_selection
clean conflicting values from the data,remove_inconsistencies
unify fields using template in column date,standardize_data
correct text typos,correct_spelling
mix for me please,unknown_intent
map text features,encode_categorical
remove redundant rows,remove_duplicates
correct spelling mistakes in dataframe,correct_spelling
using chi-square to identify top predictors,feature_selection
apply align to text,standardize_data
rescale continuous features with standard scaling in category column,scale_numerical
filter duplicate records from the data,remove_duplicates
eliminate duplicate records,remove_duplicates
standardize continuous features using MinMax,scale_numerical
identify top-k important features,feature_selection
fix all incorrect spellings,correct_spelling
address missing values in data,handle_missing_values
rescale continuous features using MinMax in column amount,scale_numerical
extreme points must be keep,keep_outliers
clean mismatches across columns,remove_inconsistencies
select best features for prediction of score,feature_selection
standardize all typographical errors,correct_spelling
encode all categorical features,encode_categorical
determine best features using importance for analysis,feature_selection
leave unusual values intact,keep_outliers
fill all NA values,handle_missing_values
translate categorical variables in score column,encode_categorical
abnormal data should be preserve,keep_outliers
extract custom features using domain knowledge to improve performance,feature_engineering
by column income delete repeated entries,remove_duplicates
generate feature variables by interaction for prediction,feature_engineering
regularize all labels,standardize_data
repair all incorrect spellings,correct_spelling
treat null values across all columns,handle_missing_values
time to organize,unknown_intent
select useful features,feature_selection
column types should be set,fix_data_types
unify columns to common format,standardize_data
make consistent all date formats,standardize_data
align categories to uniform format,standardize_data
eliminate all conflicting entries,remove_inconsistencies
harmonize fields,standardize_data
construct additional features to improve performance,feature_engineering
get key features based on score for analysis,feature_selection
i want to drink beer,unknown_intent
maintain all outliers,keep_outliers
choose predictors using importance,feature_selection
address data inconsistencies,remove_inconsistencies
clean conflicting values in date formats,remove_inconsistencies
format all data,standardize_data
throw for me please,unknown_intent
empty entries should be treat,handle_missing_values
detect all extreme data points,detect_outliers
detect outlier rows,detect_outliers
standardize values in name column,standardize_data
can you polish,unknown_intent
scale continuous features in the dataset,scale_numerical
address missing cells in data,handle_missing_values
turn text columns,encode_categorical
clean all typographical errors,correct_spelling
adjust spelling errors in string columns,correct_spelling
using importance to extract significant features,feature_selection
data inconsistencies should be clean,remove_inconsistencies
deal with missing cells by forward fill,handle_missing_values
turn categorical variables using label encoding,encode_categorical
identify top 5 best attributes for years_experience,feature_selection
delete and exclude extreme values,detect_outliers
engineer features from existing columns for analysis,feature_engineering
encode categorical features in customer_id column,encode_categorical
extract top features relevant to years_experience,feature_selection
fix spelling in string columns,correct_spelling
process null values in data,handle_missing_values
discard anomalies by percentile,detect_outliers
standardize continuous variables for all numeric columns,scale_numerical
standardize spelling mistakes across all text,correct_spelling
leave outliers,keep_outliers
determine top features for target column: id,feature_selection
identify relevant features related to category,feature_selection
show me music,unknown_intent
duplicate observations should be remove,remove_duplicates
identify most important attributes,feature_selection
set field types across columns,fix_data_types
adjust data types,fix_data_types
manage all missing entries,handle_missing_values
map text features using label encoding,encode_categorical
don't remove outliers,keep_outliers
remove all inconsistent values,remove_inconsistencies
map string categories in id column,encode_categorical
fix missing values with median value,handle_missing_values
clean outlier records by statistical method in column price,detect_outliers
clean discrepancies in dataframe,remove_inconsistencies
make consistent all text,standardize_data
update data types to boolean,fix_data_types
align data in the dataset,standardize_data
ensure correct data types,fix_data_types
by percentile to remove extreme observations,detect_outliers
rectify all spelling mistakes,correct_spelling
build derived features from existing columns to improve performance,feature_engineering
filter duplicates,remove_duplicates
transform column types for amount,fix_data_types
turn category columns to integers,encode_categorical
clean discrepancies in the dataset,remove_inconsistencies
can you organize a letter,unknown_intent
create derived features from existing columns to improve performance,feature_engineering
turn categorical data in column id,encode_categorical
scale continuous variables to unit variance,scale_numerical
convert column formats to datetime,fix_data_types
repeated rows should be filter,remove_duplicates
fix misspellings,correct_spelling
get important features for prediction of user_id,feature_selection
with ffill for NA values,handle_missing_values
by variance to get important features,feature_selection
please chop,unknown_intent
convert continuous variables,scale_numerical
get relevant important features with target column date,feature_selection
by mathematical operations to generate features,feature_engineering
make consistent all categories,standardize_data
turn categorical features to numeric in column salary,encode_categorical
outlier records must be leave,keep_outliers
encode string categories using target encoding in dataframe,encode_categorical
normalize date formats using template across columns,standardize_data
standardize spelling in column category,correct_spelling
duplicate records should be drop,remove_duplicates
adjust quantitative variables for all numeric columns,scale_numerical
filter duplicate data from data,remove_duplicates
save abnormal data,keep_outliers
drop duplicates from data,remove_duplicates
pick relevant top predictors using name as target,feature_selection
using ordinal encoding for string categories,encode_categorical
turn category columns in dataframe,encode_categorical
normalize numerical values to 0-1 range in years_experience column,scale_numerical
keep all abnormal data,keep_outliers
address NaNs with constant value in the dataset,handle_missing_values
delete abnormal data,detect_outliers
choose attributes related to id,feature_selection
maintain outlier rows intact,keep_outliers
modify variable types in income column,fix_data_types
top-k method to determine best features,feature_selection
convert field types to categorical,fix_data_types
identify best features that predict rating,feature_selection
contradictions should be deal with,remove_inconsistencies
change variable types to string,fix_data_types
scale numerical data with standard scaling across all features,scale_numerical
keep outliers,keep_outliers
fix inconsistent values,remove_inconsistencies
clean all text mistakes,correct_spelling
transform data types to numeric for all columns,fix_data_types
filter repeated records from data,remove_duplicates
maintain outliers unchanged,keep_outliers
format data by convention in dataframe,standardize_data
save all outlier records,keep_outliers
convert field types to numeric in customer_id column,fix_data_types
what about my face,unknown_intent
rescale numeric data for all numeric columns,scale_numerical
get relevant features relevant to years_experience,feature_selection
using IQR to find unusual values,detect_outliers
rectify text spelling mistakes,correct_spelling
from dataset clean duplicate records,remove_duplicates
drop duplicate rows from the data,remove_duplicates
modify column formats to category,fix_data_types
clean all redundant rows,remove_duplicates
from the data discard repeated entries,remove_duplicates
standardize typos,correct_spelling
process missing values by forward fill,handle_missing_values
get rid of duplicate data from data,remove_duplicates
repair spelling mistakes in column category,correct_spelling
select top predictors for prediction of score,feature_selection
can you read my room,unknown_intent
misspellings should be adjust,correct_spelling
scale numerical features to unit variance in the dataset,scale_numerical
to integers for categories,encode_categorical
normalize text using standards,standardize_data
normalize numeric features in the dataset,scale_numerical
deal with all data inconsistencies,remove_inconsistencies
by binning to create custom features,feature_engineering
remove redundant rows in the table,remove_duplicates
harmonize naming conventions to uniform format in all columns,standardize_data
extract feature variables,feature_engineering
remove inconsistent values in values,remove_inconsistencies
construct features for prediction,feature_engineering
discard identical rows in dataframe,remove_duplicates
get predictors that predict customer_id,feature_selection
clean spelling mistakes,correct_spelling
map text columns in column income,encode_categorical
maintain outliers for analysis,keep_outliers
rescale numeric columns with robust scaling,scale_numerical
identify and discard outlier rows,detect_outliers
transform column formats,fix_data_types
typographical errors should be standardize,correct_spelling
align data by convention in the dataset,standardize_data
deduplicate duplicate entries in dataframe,remove_duplicates
convert type definitions to categorical,fix_data_types
undefined values should be deal with,handle_missing_values
transform continuous variables with robust scaling,scale_numerical
apply unify to formats,standardize_data
i want to mix,unknown_intent
derive feature variables,feature_engineering
preserve all outliers,keep_outliers
repair text spelling errors,correct_spelling
get rid of outlier entries using 3-sigma rule,detect_outliers
standardize numerical features in the dataset,scale_numerical
change categorical data with binary encoding,encode_categorical
set dtypes,fix_data_types
update field types to date,fix_data_types
drop abnormal data,detect_outliers
unusual values must be keep,keep_outliers
incorrect spellings should be rectify,correct_spelling
to dummy variables for categorical data,encode_categorical
align columns using standards in amount column,standardize_data
rectify typos in dataframe,correct_spelling
don't remove extreme points in dataset,keep_outliers
get rid of outlier rows using standard deviation,detect_outliers
clean contradictions,remove_inconsistencies
remove identical rows,remove_duplicates
identify significant features top-k method,feature_selection
replace nulls with median value in dataframe,handle_missing_values
align columns by convention,standardize_data
field types should be correct,fix_data_types
engineer custom features by interaction for better accuracy,feature_engineering
outliers must be save,keep_outliers
adjust typographical errors in the dataset,correct_spelling
correct spelling across all text,correct_spelling
don't remove outlier records,keep_outliers
unify values using template,standardize_data
fix typographical errors in column name,correct_spelling
unify categories to common format across columns,standardize_data
let us read,unknown_intent
can you run,unknown_intent
handle empty entries,handle_missing_values
structure date formats,standardize_data
adjust field types to numeric in name column,fix_data_types
manage null values using mean value in dataframe,handle_missing_values
fix all conflicting entries,remove_inconsistencies
duplicate records should be discard,remove_duplicates
drop duplicate entries by column customer_id,remove_duplicates
retain all outlier records,keep_outliers
save extreme values for review,keep_outliers
clean spelling in the dataset,correct_spelling
modify data formats to date across columns,fix_data_types
determine top features for amount for modeling,feature_selection
with one-hot encoding for categorical variables,encode_categorical
vacuum today,unknown_intent
repair text typos,correct_spelling
why is the garage,unknown_intent
resolve irregular entries in date formats,remove_inconsistencies
get top features using mutual information for target name,feature_selection
fill empty cells in data,handle_missing_values
show me the office,unknown_intent
apply standardize to data,standardize_data
from the data get rid of identical rows,remove_duplicates
pick predictors,feature_selection
standardize all categories,standardize_data
considering amount deduplicate duplicate observations,remove_duplicates
make text consistent,standardize_data
eliminate outlier rows using DBSCAN in salary column,detect_outliers
preserve outlier rows,keep_outliers
map text features to numerical values,encode_categorical
let us sleep,unknown_intent
clean discrepancies from data,remove_inconsistencies
convert numeric variables,scale_numerical
derive new attributes using polynomial features for modeling,feature_engineering
encode categorical variables,encode_categorical
rectify incorrect spellings,correct_spelling
save anomalous data for analysis,keep_outliers
deal with missing cells in data,handle_missing_values
turn categories using ordinal encoding,encode_categorical
clean inconsistencies in the dataset,remove_inconsistencies
convert categories to numerical values for years_experience,encode_categorical
derive custom derived features,feature_engineering
irregular data should be clean,remove_inconsistencies
duplicate data should be get rid of,remove_duplicates
by interaction to construct custom features,feature_engineering
extreme points must be maintain,keep_outliers
repair text text mistakes,correct_spelling
map string variables with binary encoding,encode_categorical
maintain all anomalies,keep_outliers
transform categories in amount column,encode_categorical
remove all mismatches,remove_inconsistencies
convert dtypes to integer,fix_data_types
irregular entries should be eliminate,remove_inconsistencies
don't save anomalies,keep_outliers
eliminate irregular entries in date formats,remove_inconsistencies
deal with missing entries using mode from id,handle_missing_values
get rid of outlier records,detect_outliers
discard and get rid of extreme observations,detect_outliers
determine top predictors relevant to category,feature_selection
with aggregations to build new features,feature_engineering
let us freeze,unknown_intent
nulls should be replace,handle_missing_values
why is a movie,unknown_intent
change non-numeric columns to numeric,encode_categorical
exclude unusual values using standard deviation in numeric columns,detect_outliers
in dataframe deduplicate repeated rows,remove_duplicates
amend text mistakes in column customer_id,correct_spelling
perform feature selection related to id,feature_selection
handle all inconsistencies,remove_inconsistencies
i like to eat,unknown_intent
address all blank entries,handle_missing_values
don't don't remove outliers,keep_outliers
unify fields across columns,standardize_data
choose relevant significant features predicting amount,feature_selection
cast datatypes to datetime,fix_data_types
manage all empty cells,handle_missing_values
choose relevant predictors related to column id,feature_selection
turn category columns to dummy variables,encode_categorical
unify text,standardize_data
handle missing values by mode in user_id column,handle_missing_values
don't retain outliers,keep_outliers
filter out and identify abnormal data,detect_outliers
fly the the top,unknown_intent
outlier rows should be preserve,keep_outliers
drop duplicate data based on name,remove_duplicates
missing data should be handle,handle_missing_values
how to read,unknown_intent
by combining features to extract new attributes,feature_engineering
delete duplicate records,remove_duplicates
scale continuous features in dataframe,scale_numerical
clean extreme observations,detect_outliers
correct spelling mistakes in score column,correct_spelling
normalize values,standardize_data
field types should be change,fix_data_types
extreme values must be maintain,keep_outliers
pick useful features for ML,feature_selection
design features with feature crosses,feature_engineering
typos should be fix,correct_spelling
misspellings should be fix,correct_spelling
clean text typos,correct_spelling
convert column formats to categorical,fix_data_types
normalize numerical data using MinMax,scale_numerical
maintain extreme values untouched,keep_outliers
standardize numerical values,scale_numerical
convert data types to float,fix_data_types
identify relevant features target column: price,feature_selection
i want to clean tea,unknown_intent
convert string variables in column id,encode_categorical
extract top predictors for predicting score,feature_selection
replace empty entries using mean,handle_missing_values
please listen a bath,unknown_intent
can you climb,unknown_intent
deal with irregular data in dataframe,remove_inconsistencies
adjust field types to float in dataframe,fix_data_types
correct data conflicting entries,remove_inconsistencies
determine key features that predict rating,feature_selection
change variable types in dataframe,fix_data_types
convert types to date,fix_data_types
convert all numeric data,scale_numerical
transform numeric features using min-max scaling in dataframe,scale_numerical
process empty cells with ffill,handle_missing_values
remove repeated rows from data,remove_duplicates
delete duplicate records considering income,remove_duplicates
misspellings should be amend,correct_spelling
regularize columns to uniform format across columns,standardize_data
scale numeric features using normalization in the dataset,scale_numerical
time to climb,unknown_intent
using rating deduplicate repeated records,remove_duplicates
fix conflicting values in formats,remove_inconsistencies
adjust continuous features with z-score,scale_numerical
develop new features using polynomial features,feature_engineering
filter identical rows from data,remove_duplicates
eliminate irregular entries in categories,remove_inconsistencies
transform dtypes to string in years_experience column,fix_data_types
standardize all typos,correct_spelling
catch a letter,unknown_intent
design custom features,feature_engineering
transform all quantitative variables,scale_numerical
correct data conflicts in formats,remove_inconsistencies
find outlier rows,detect_outliers
translate text features to numeric,encode_categorical
adjust text errors in the dataset,correct_spelling
using transformations to engineer feature variables,feature_engineering
don't remove outliers as they are,keep_outliers
using 3-sigma rule to drop extreme values,detect_outliers
repair all typographical errors,correct_spelling
construct feature columns with feature crosses for ML,feature_engineering
keep all extreme values,keep_outliers
set data types to float,fix_data_types
fix inconsistent values in categories,remove_inconsistencies
eliminate duplicates,remove_duplicates
clean spelling mistakes in column id,correct_spelling
amend all text errors,correct_spelling
incorrect spellings should be standardize,correct_spelling
normalize numeric variables for all numeric columns,scale_numerical
fix nulls,handle_missing_values
adjust numerical values with robust scaling,scale_numerical
engineer features,feature_engineering
apply using target encoding to text columns,encode_categorical
fix column types to category,fix_data_types
repeated rows should be remove,remove_duplicates
address all inconsistent values,remove_inconsistencies
using polynomial features to create features,feature_engineering
exclude and get rid of anomalies,detect_outliers
fix all typos,correct_spelling
regularize labels by convention,standardize_data
repair typographical errors in text columns,correct_spelling
discard outliers using boxplot method from the data,detect_outliers
data conflicts should be deal with,remove_inconsistencies
perform feature selection with id as target,feature_selection
determine useful features using importance with target=income,feature_selection
eliminate duplicate observations using user_id,remove_duplicates
keep abnormal data for analysis,keep_outliers
transform all numerical features,scale_numerical
correct inconsistent data,remove_inconsistencies
correct spelling in string columns,correct_spelling
engineer feature variables for analysis,feature_engineering
can you watch the garden,unknown_intent
change string categories,encode_categorical
find best features for predicting amount,feature_selection
fix text spelling errors,correct_spelling
find and clean outliers,detect_outliers
harmonize columns in all columns,standardize_data
don't delete anomalous data for investigation,keep_outliers
dust today,unknown_intent
based on id filter duplicate records,remove_duplicates
drop redundant rows,remove_duplicates
get rid of all outlier records,detect_outliers
address missing entries in data,handle_missing_values
by forward fill for missing entries,handle_missing_values
replace nulls using linear interpolation,handle_missing_values
in the table drop duplicate rows,remove_duplicates
preserve extreme points in dataset,keep_outliers
replace all missing values,handle_missing_values
clean conflicting entries across columns,remove_inconsistencies
change field types for all columns,fix_data_types
delete extreme observations by statistical method,detect_outliers
normalize date formats,standardize_data
i need to roast,unknown_intent
eliminate inconsistent data in formats,remove_inconsistencies
address data irregular data,remove_inconsistencies
scale all numerical data,scale_numerical
apply harmonize to text,standardize_data
maintain unusual values,keep_outliers
standardize formats across dataset,standardize_data
by binning to extract derived features,feature_engineering
run feature selection using wrapper method,feature_selection
deduplicate duplicate observations from data,remove_duplicates
structure entries by convention in all columns,standardize_data
adjust data types in column category,fix_data_types
convert all numerical features,scale_numerical
ensure correct data formats,fix_data_types
vacuum,unknown_intent
extract custom feature variables,feature_engineering
clean text spelling,correct_spelling
determine relevant significant features using score as target,feature_selection
change types,fix_data_types
fix empty cells with median value,handle_missing_values
by dropping rows for blank entries,handle_missing_values
by statistical method to identify extreme values,detect_outliers
map all text columns,encode_categorical
can you organize,unknown_intent
normalize data in the dataset,standardize_data
exclude outliers,detect_outliers
variable types should be correct,fix_data_types
please roast,unknown_intent
normalize numeric columns,scale_numerical
apply to integers to categories,encode_categorical
convert field types in name column,fix_data_types
rescale numerical data with standard scaling,scale_numerical
apply align to fields,standardize_data
correct dtypes to date,fix_data_types
apply structure to categories,standardize_data
standardize continuous variables across all features,scale_numerical
eliminate anomalies across all features,detect_outliers
apply to dummy variables to category columns,encode_categorical
remove duplicates in dataframe,remove_duplicates
with frequency encoding for categorical features,encode_categorical
how to clean,unknown_intent
unusual values should be don't delete,keep_outliers
change category columns using label encoding in column income,encode_categorical
construct engineered features,feature_engineering
convert all numeric columns,scale_numerical
don't keep anomalies,keep_outliers
apply normalize to categories,standardize_data
with StandardScaler for quantitative variables,scale_numerical
fill all NaNs,handle_missing_values
retain outlier records unchanged,keep_outliers
discrepancies should be remove,remove_inconsistencies
irregular entries should be fix,remove_inconsistencies
what is basketball,unknown_intent
mismatches should be address,remove_inconsistencies
dance a book,unknown_intent
don't delete all anomalous data,keep_outliers
type definitions should be set,fix_data_types
adjust numerical data using MinMax,scale_numerical
adjust all numerical values,scale_numerical
leave outlier records,keep_outliers
with binary encoding for text features,encode_categorical
to unit variance for continuous features,scale_numerical
convert datatypes to float,fix_data_types
update type definitions to categorical,fix_data_types
using transformations to extract feature columns,feature_engineering
derive engineered features for prediction,feature_engineering
adjust numeric columns with standard scaling in the dataset,scale_numerical
drop repeated rows from data,remove_duplicates
time to drink,unknown_intent
deal with data discrepancies,remove_inconsistencies
clean text spelling errors,correct_spelling
apply to numerical values to categories,encode_categorical
structure text in all columns,standardize_data
correct all inconsistent values,remove_inconsistencies
rectify typos in column income,correct_spelling
rescale quantitative variables with StandardScaler in column price,scale_numerical
regularize labels to common format,standardize_data
fix text errors,correct_spelling
null values should be fix,handle_missing_values
get best 20 best features,feature_selection
to numeric for text features,encode_categorical
discard anomalous data by percentile,detect_outliers
redundant rows should be deduplicate,remove_duplicates
text mistakes should be fix,correct_spelling
build custom features from existing columns to improve performance,feature_engineering
clean conflicting values in customer_id column,remove_inconsistencies
derive features by mathematical operations for ML,feature_engineering
from existing columns to build engineered features,feature_engineering
select top-k best features with target=age,feature_selection
extract derived features for prediction,feature_engineering
amend text typographical errors,correct_spelling
engineer new features with feature crosses for modeling,feature_engineering
convert types to integer across columns,fix_data_types
maintain anomalies for investigation,keep_outliers
find relevant features that predict user_id,feature_selection
typos should be repair,correct_spelling
translate non-numeric columns,encode_categorical
keep anomalous data in dataset,keep_outliers
scale all numeric variables,scale_numerical
deduplicate duplicates,remove_duplicates
fix text mistakes in data,correct_spelling
with one-hot encoding for non-numeric columns,encode_categorical
with robust scaling for continuous variables,scale_numerical
align date formats to consistent format in rating column,standardize_data
identify attributes target=price for regression,feature_selection
convert categorical variables to numerical values,encode_categorical
update types to boolean,fix_data_types
leave anomalies untouched,keep_outliers
extreme points should be keep,keep_outliers
format formats using template in all columns,standardize_data
design new features from existing columns,feature_engineering
data conflicts should be address,remove_inconsistencies
build custom new features,feature_engineering
extract useful features for predicting age,feature_selection
handle missing entries in rating column,handle_missing_values
why is music,unknown_intent
null values should be replace,handle_missing_values
delete all extreme observations,detect_outliers
outliers should be retain,keep_outliers
i want to buy my shoes,unknown_intent
change data formats to numeric across columns,fix_data_types
i want to cook,unknown_intent
engineer additional features by binning for modeling,feature_engineering
to numerical values for categorical columns,encode_categorical
adjust text mistakes across all text,correct_spelling
replace nulls in the data,handle_missing_values
save all extreme values,keep_outliers
encode non-numeric columns in column income,encode_categorical
rescale numeric features with robust scaling,scale_numerical
eliminate all duplicates,remove_duplicates
deal with all NA values,handle_missing_values
filter all duplicate data,remove_duplicates
delete duplicates,remove_duplicates
deal with irregular data in naming,remove_inconsistencies
determine top 5 features,feature_selection
tell me about a photo,unknown_intent
normalize all entries,standardize_data
design feature columns from existing columns,feature_engineering
based on age delete identical rows,remove_duplicates
choose significant features top-k method,feature_selection
update variable types,fix_data_types
amend incorrect spellings in column price,correct_spelling
using linear interpolation for nulls,handle_missing_values
filter out outlier records with z-score,detect_outliers
maintain anomalies for analysis,keep_outliers
align labels in id column,standardize_data
using price filter repeated rows,remove_duplicates
discard duplicate rows,remove_duplicates
transform categories in column score,encode_categorical
construct custom features from existing columns to improve performance,feature_engineering
address missing values for column rating,handle_missing_values
remove anomalous data with MAD method in numeric columns,detect_outliers
in the table get rid of identical rows,remove_duplicates
convert categorical data using label encoding,encode_categorical
select top 10 features,feature_selection
using mean value for undefined values,handle_missing_values
correct irregular entries in date formats,remove_inconsistencies
unify naming conventions,standardize_data
eliminate data data conflicts,remove_inconsistencies
apply with binary encoding to string categories,encode_categorical
from the data get rid of repeated entries,remove_duplicates
apply standardize to values,standardize_data
address conflicting values from data,remove_inconsistencies
rectify spelling across all text,correct_spelling
clean conflicting values in income column,remove_inconsistencies
transform numerical values to 0-1 range,scale_numerical
dtypes should be correct,fix_data_types
convert numeric data in column customer_id,scale_numerical
choose important features for prediction,feature_selection
cast variable types to numeric in dataframe,fix_data_types
deduplicate repeated rows by column income,remove_duplicates
harmonize entries in all columns,standardize_data
map string variables to numeric in column age,encode_categorical
structure formats,standardize_data
preserve outlier rows in dataset,keep_outliers
missing values should be fix,handle_missing_values
detect outlier entries from the data,detect_outliers
make fields consistent,standardize_data
make consistent formats,standardize_data
convert data formats to object,fix_data_types
create features by combining features,feature_engineering
create custom additional features,feature_engineering
eliminate all duplicate rows,remove_duplicates
handle contradictions in the dataset,remove_inconsistencies
align values by convention across columns,standardize_data
encode string variables,encode_categorical
apply to 0-1 range to numeric data,scale_numerical
develop custom derived features,feature_engineering
how does the bathroom work,unknown_intent
process empty entries in data,handle_missing_values
generate feature columns for better accuracy,feature_engineering
replace empty cells in data,handle_missing_values
with binary encoding for categorical variables,encode_categorical
preserve extreme values,keep_outliers
regularize naming conventions to consistent format in dataframe,standardize_data
handle data inconsistent values,remove_inconsistencies
select relevant features for prediction,feature_selection
clean data inconsistent data,remove_inconsistencies
fill NaNs using mode,handle_missing_values
align entries to consistent format,standardize_data
convert data formats to int,fix_data_types
address data irregular entries,remove_inconsistencies
extract feature columns with aggregations for better accuracy,feature_engineering
from data delete duplicates,remove_duplicates
build new attributes by mathematical operations for better accuracy,feature_engineering
unify date formats in user_id column,standardize_data
identify extreme points by percentile,detect_outliers
deduplicate duplicate data using score,remove_duplicates
adjust spelling errors in dataframe,correct_spelling
deduplicate duplicate entries considering age,remove_duplicates
transform categorical features to numerical values,encode_categorical
translate category columns with binary encoding in column name,encode_categorical
adjust continuous variables with standard scaling,scale_numerical
correct text mistakes,correct_spelling
align categories across columns,standardize_data
to unit variance for numerical values,scale_numerical
develop custom custom features,feature_engineering
design feature columns by binning,feature_engineering
make naming conventions consistent,standardize_data
please catch,unknown_intent
standardize numerical features,scale_numerical
unify date formats using template in the dataset,standardize_data
make consistent columns in column customer_id,standardize_data
with z-score to detect extreme data points,detect_outliers
anomalous data should be preserve,keep_outliers
don't remove outlier rows unchanged,keep_outliers
handle contradictions in date column,remove_inconsistencies
maintain unusual values for study,keep_outliers
address mismatches in the dataset,remove_inconsistencies
correct all spelling mistakes,correct_spelling
remove and discard outlier rows,detect_outliers
determine useful features for prediction of amount,feature_selection
how to sleep,unknown_intent
get rid of all repeated records,remove_duplicates
apply harmonize to naming conventions,standardize_data
select relevant top predictors for rating,feature_selection
preserve outlier rows for study,keep_outliers
what about tennis,unknown_intent
change data types to string across columns,fix_data_types
normalize numeric features using MinMax in the dataset,scale_numerical
detect outlier rows using 3-sigma rule,detect_outliers
structure formats using standards,standardize_data
eliminate redundant rows from data,remove_duplicates
apply using target encoding to string variables,encode_categorical
repair text typographical errors,correct_spelling
correct all spelling,correct_spelling
outlier rows must be don't delete,keep_outliers
data inconsistencies should be handle,remove_inconsistencies
eliminate anomalous data using IQR from the data,detect_outliers
amend all misspellings,correct_spelling
discard outlier entries across all features,detect_outliers
run feature selection with statistical tests related to column date,feature_selection
in the table discard duplicate records,remove_duplicates
clean irregular entries in date formats,remove_inconsistencies
keep abnormal data,keep_outliers
apply using MinMax to continuous variables,scale_numerical
engineer custom engineered features,feature_engineering
get top features for training,feature_selection
transform all categorical features,encode_categorical
outliers should be save,keep_outliers
encode categories to numeric in date column,encode_categorical
missing values should be treat,handle_missing_values
remove duplicates from data,remove_duplicates
scale all numeric features,scale_numerical
discard outlier rows in income column,detect_outliers
with binary encoding for non-numeric columns,encode_categorical
retain abnormal data for review,keep_outliers
with z-score to identify outliers,detect_outliers
perform feature selection for rating,feature_selection
turn category columns using target encoding,encode_categorical
can you mix a book,unknown_intent
eliminate all repeated records,remove_duplicates
replace missing cells using mean,handle_missing_values
process null values in dataframe,handle_missing_values
tidy,unknown_intent
clean identical rows considering id,remove_duplicates
typographical errors should be rectify,correct_spelling
find most important best attributes for target category,feature_selection
adjust spelling errors,correct_spelling
fix discrepancies in formats,remove_inconsistencies
choose most important top predictors,feature_selection
standardize all quantitative variables,scale_numerical
convert category columns,encode_categorical
delete outlier records in the dataset,detect_outliers
using years_experience eliminate duplicate records,remove_duplicates
normalize entries using template,standardize_data
find top 5 key features target: price,feature_selection
translate text columns using target encoding,encode_categorical
time to chop,unknown_intent
turn categorical features to dummy variables in dataframe,encode_categorical
maintain extreme values intact,keep_outliers
fill empty entries from income,handle_missing_values
repair typographical errors,correct_spelling
build features,feature_engineering
find relevant attributes for target column: age,feature_selection
identify and clean unusual values,detect_outliers
generate additional features for better accuracy,feature_engineering
clean outlier entries with MAD method from dataframe,detect_outliers
transform data formats in the dataset,fix_data_types
repair typos in the dataset,correct_spelling
deduplicate repeated entries from the data,remove_duplicates
can you throw a cake,unknown_intent
adjust all incorrect spellings,correct_spelling
i want to sing,unknown_intent
what is TV,unknown_intent
preserve anomalies for analysis,keep_outliers
make entries consistent,standardize_data
extract feature columns with feature crosses for analysis,feature_engineering
filter out extreme data points using 3-sigma rule in user_id column,detect_outliers
from data discard repeated rows,remove_duplicates
remove all data conflicts,remove_inconsistencies
adjust text errors in rating column,correct_spelling
impute missing cells across all columns,handle_missing_values
scale quantitative variables in dataframe,scale_numerical
structure text across dataset,standardize_data
eliminate contradictions in formats,remove_inconsistencies
i want to fly my shoes,unknown_intent
i like to clean,unknown_intent
transform quantitative variables using MinMax,scale_numerical
save all outlier rows,keep_outliers
please scrub,unknown_intent
align values using template,standardize_data
delete outlier records,detect_outliers
don't don't delete outlier records,keep_outliers
adjust data formats to integer across columns,fix_data_types
let us write,unknown_intent
drop all redundant rows,remove_duplicates
choose relevant best attributes target column: price,feature_selection
structure categories in dataframe,standardize_data
amend text errors in age column,correct_spelling
deal with NA values,handle_missing_values
clean duplicate data from data,remove_duplicates
inconsistent data should be fix,remove_inconsistencies
using label encoding for non-numeric columns,encode_categorical
apply harmonize to formats,standardize_data
align values using template in customer_id column,standardize_data
using min-max scaling for continuous variables,scale_numerical
identify all outlier records,detect_outliers
extreme values should be retain,keep_outliers
deduplicate repeated rows from the data,remove_duplicates
how to jump,unknown_intent
extract attributes with id as target for modeling,feature_selection
standardize naming conventions in dataframe,standardize_data
encode non-numeric columns to integers in category column,encode_categorical
transform numeric features,scale_numerical
make consistent values in column id,standardize_data
choose most important top features,feature_selection
rescale continuous variables,scale_numerical
extract top 5 best attributes with user_id as target,feature_selection
construct custom derived features,feature_engineering
apply feature engineering,feature_engineering
apply structure to entries,standardize_data
don't preserve anomalous data,keep_outliers
treat empty entries by mode in the dataset,handle_missing_values
with aggregations to design new features,feature_engineering
clean inconsistent data from the data,remove_inconsistencies
identify outliers with MAD method from salary,detect_outliers
construct custom engineered features,feature_engineering
what is the table,unknown_intent
don't delete anomalies for further analysis,keep_outliers
drop all repeated entries,remove_duplicates
adjust spelling mistakes,correct_spelling
harmonize date formats,standardize_data
correct data formats for score,fix_data_types
update column types in user_id column,fix_data_types
to integers for categorical columns,encode_categorical
identify extreme points with isolation forest,detect_outliers
convert categorical columns with one-hot encoding in dataframe,encode_categorical
leave extreme values for review,keep_outliers
i need to eat,unknown_intent
standardize text errors,correct_spelling
normalize numeric columns with standard scaling,scale_numerical
blank entries should be address,handle_missing_values
eliminate irregular entries in formats,remove_inconsistencies
rescale numeric variables using normalization,scale_numerical
rescale continuous features using MinMax across all features,scale_numerical
standardize misspellings in string columns,correct_spelling
transform continuous variables using normalization in dataframe,scale_numerical
by mathematical operations to create engineered features,feature_engineering
identify best attributes using chi-square related to date,feature_selection
fill null values using mean in numeric columns,handle_missing_values
using transformations to engineer additional features,feature_engineering
get rid of duplicates in the table,remove_duplicates
extract features by combining features,feature_engineering
based on score filter duplicate data,remove_duplicates
make consistent date formats,standardize_data
from data remove redundant rows,remove_duplicates
format fields by convention in dataframe,standardize_data
choose attributes,feature_selection
eliminate anomalies by percentile in income column,detect_outliers
remove outlier rows in age column,detect_outliers
where is the kitchen,unknown_intent
address missing entries,handle_missing_values
develop custom features with aggregations for ML,feature_engineering
pick useful features for prediction of years_experience,feature_selection
normalize numerical values with robust scaling,scale_numerical
don't retain outlier rows,keep_outliers
scale numerical values in amount column,scale_numerical
let us talk,unknown_intent
encode all text features,encode_categorical
set types to datetime in dataframe,fix_data_types
correct all typographical errors,correct_spelling
preserve abnormal data,keep_outliers
with one-hot encoding for text columns,encode_categorical
construct features for ML,feature_engineering
drop outliers,detect_outliers
eliminate repeated records from data,remove_duplicates
by mathematical operations to derive features,feature_engineering
find and identify extreme values,detect_outliers
apply using normalization to numeric features,scale_numerical
deal with NaNs by forward fill,handle_missing_values
encode string categories for id,encode_categorical
clean conflicting values in years_experience column,remove_inconsistencies
by statistical method to get rid of unusual values,detect_outliers
please eat a book,unknown_intent
correct discrepancies in date formats,remove_inconsistencies
with isolation forest to eliminate anomalous data,detect_outliers
adjust column types to boolean,fix_data_types
sing the floor,unknown_intent
get rid of all redundant rows,remove_duplicates
amend typographical errors in rating column,correct_spelling
create features,feature_engineering
derive custom additional features,feature_engineering
adjust numeric features in dataframe,scale_numerical
repeated entries should be eliminate,remove_duplicates
map non-numeric columns with one-hot encoding for customer_id,encode_categorical
using standard deviation to exclude abnormal data,detect_outliers
i want to fry my teeth,unknown_intent
using 3-sigma rule to get rid of anomalous data,detect_outliers
convert quantitative variables using min-max scaling in the dataset,scale_numerical
missing cells should be fill,handle_missing_values
drop repeated records from data,remove_duplicates
encode categorical variables using label encoding,encode_categorical
repair incorrect spellings in column amount,correct_spelling
build new features by mathematical operations,feature_engineering
clean conflicting entries from the data,remove_inconsistencies
using mode for missing values,handle_missing_values
change string variables with frequency encoding in column score,encode_categorical
harmonize categories to uniform format in the dataset,standardize_data
repair typos in column amount,correct_spelling
keep all unusual values,keep_outliers
repair all misspellings,correct_spelling
convert all categorical columns,encode_categorical
pick relevant best features for rating,feature_selection
derive custom features with aggregations for analysis,feature_engineering
handle all missing entries,handle_missing_values
clean and delete outliers,detect_outliers
choose best features by embedded method,feature_selection
engineer custom new features,feature_engineering
apply with standard scaling to numeric variables,scale_numerical
pick best attributes related to column age for modeling,feature_selection
fix irregular entries from data,remove_inconsistencies
fix data conflicting entries,remove_inconsistencies
fix data formats for all columns,fix_data_types
create derived features using transformations,feature_engineering
change column types,fix_data_types
transform continuous features in the dataset,scale_numerical
clean data conflicts from data,remove_inconsistencies
i like to sleep,unknown_intent
with isolation forest to filter out extreme values,detect_outliers
apply to numerical values to text columns,encode_categorical
apply to 0-1 range to numerical data,scale_numerical
please fly my room,unknown_intent
why is water,unknown_intent
drop duplicate observations using years_experience,remove_duplicates
build for me,unknown_intent
clean text text errors,correct_spelling
fix today,unknown_intent
clean text errors in text columns,correct_spelling
derive features using transformations for the model,feature_engineering
generate new features for the model,feature_engineering
identify and eliminate anomalies,detect_outliers
using score drop duplicate rows,remove_duplicates
text errors should be rectify,correct_spelling
tell me about a shower,unknown_intent
what about an email,unknown_intent
discard all extreme points,detect_outliers
tell me about the table,unknown_intent
correct contradictions,remove_inconsistencies
bake the my hair,unknown_intent
format data in column rating,standardize_data
regularize date formats by convention,standardize_data
typos should be adjust,correct_spelling
don't remove outliers unchanged,keep_outliers
apply align to formats,standardize_data
inconsistencies should be deal with,remove_inconsistencies
fix mismatches in naming,remove_inconsistencies
adjust continuous variables in the dataset,scale_numerical
don't save extreme values,keep_outliers
handle discrepancies in date formats,remove_inconsistencies
anomalous data must be save,keep_outliers
impute nulls by dropping rows in column income,handle_missing_values
correct all inconsistent data,remove_inconsistencies
correct discrepancies,remove_inconsistencies
pick features that predict salary,feature_selection
clean mismatches from data,remove_inconsistencies
select most important relevant features,feature_selection
derive custom features from existing columns,feature_engineering
make consistent values across dataset,standardize_data
detect all anomalous data,detect_outliers
regularize naming conventions using standards across columns,standardize_data
resolve data discrepancies,remove_inconsistencies
translate text columns with binary encoding in years_experience column,encode_categorical
map string variables using ordinal encoding in column rating,encode_categorical
structure values by convention in all columns,standardize_data
deal with empty entries by backward fill in column rating,handle_missing_values
identical rows should be clean,remove_duplicates
considering age drop duplicate observations,remove_duplicates
please build the garage,unknown_intent
rectify typographical errors in dataframe,correct_spelling
identify abnormal data,detect_outliers
clean irregular entries in column age,remove_inconsistencies
generate feature columns for analysis,feature_engineering
fill missing data in the dataset,handle_missing_values
delete outlier records with z-score,detect_outliers
amend text errors in column category,correct_spelling
discard identical rows,remove_duplicates
normalize numeric columns to 0-1 range,scale_numerical
harmonize date formats to common format,standardize_data
keep all outlier rows,keep_outliers
please cut,unknown_intent
transform numerical data in the dataset,scale_numerical
what is music,unknown_intent
harmonize categories across dataset,standardize_data
run feature selection using chi-square based on price,feature_selection
pick attributes target: name for regression,feature_selection
apply with robust scaling to quantitative variables,scale_numerical
in dataframe clean duplicates,remove_duplicates
map categorical data to dummy variables,encode_categorical
convert data types,fix_data_types
build features for ML,feature_engineering
transform categorical variables in column name,encode_categorical
address contradictions,remove_inconsistencies
detect extreme data points,detect_outliers
duplicates should be remove,remove_duplicates
i need to run,unknown_intent
filter out extreme data points using IQR in the dataset,detect_outliers
unify labels,standardize_data
fix data formats,fix_data_types
read music,unknown_intent
column formats should be correct,fix_data_types
change categorical columns using target encoding in user_id column,encode_categorical
wash for me please,unknown_intent
choose significant features with target=years_experience,feature_selection
impute missing data using mode,handle_missing_values
filter duplicate rows,remove_duplicates
discard repeated rows by column user_id,remove_duplicates
boil a picture,unknown_intent
treat missing entries in score column,handle_missing_values
by embedded method to extract useful features,feature_selection
translate categorical columns with frequency encoding,encode_categorical
drop outliers by statistical method,detect_outliers
using importance to get key features,feature_selection
normalize labels,standardize_data
fix data types in name column,fix_data_types
deal with data inconsistencies in values,remove_inconsistencies
convert quantitative variables using MinMax,scale_numerical
harmonize all naming conventions,standardize_data
adjust numerical values with z-score in column user_id,scale_numerical
outliers must be retain,keep_outliers
anomalies must be retain,keep_outliers
correct all spelling errors,correct_spelling
eliminate repeated rows by column price,remove_duplicates
eliminate and get rid of outliers,detect_outliers
identify anomalies in amount column,detect_outliers
find key features with years_experience as target for ML,feature_selection
convert variable types in dataframe,fix_data_types
process missing cells with interpolation,handle_missing_values
map categories with frequency encoding for salary,encode_categorical
save outliers,keep_outliers
contradictions should be correct,remove_inconsistencies
extract top features for predicting name,feature_selection
fill undefined values for column rating,handle_missing_values
translate category columns using target encoding,encode_categorical
adjust numeric data with z-score in salary column,scale_numerical
i want to climb,unknown_intent
align formats to consistent format,standardize_data
develop engineered features,feature_engineering
keep anomalies as they are,keep_outliers
leave all outlier records,keep_outliers
apply using label encoding to categories,encode_categorical
choose key features by correlation for prediction,feature_selection
from data eliminate duplicate data,remove_duplicates
using normalization for continuous variables,scale_numerical
choose significant features for regression,feature_selection
remove outlier records,detect_outliers
translate category columns,encode_categorical
save anomalous data,keep_outliers
text errors should be amend,correct_spelling
cast data formats in the dataset,fix_data_types
standardize numeric variables,scale_numerical
deduplicate repeated entries considering rating,remove_duplicates
extreme values should be don't delete,keep_outliers
discard all redundant rows,remove_duplicates
transform numerical features with StandardScaler,scale_numerical
treat missing values with ffill,handle_missing_values
identify all anomalies,detect_outliers
repair all text mistakes,correct_spelling
derive derived features by mathematical operations for analysis,feature_engineering
determine top predictors target=user_id,feature_selection
adjust type definitions to object across columns,fix_data_types
transform continuous variables using min-max scaling,scale_numerical
by percentile to get rid of outliers,detect_outliers
run feature selection with filter method with target=salary,feature_selection
let us steam,unknown_intent
duplicates should be drop,remove_duplicates
map text columns in amount column,encode_categorical
change categorical data,encode_categorical
choose top features that predict rating,feature_selection
convert string categories to integers,encode_categorical
cut,unknown_intent
generate features by mathematical operations,feature_engineering
using IQR to eliminate anomalous data,detect_outliers
handle irregular data,remove_inconsistencies
extreme points should be maintain,keep_outliers
regularize data across dataset,standardize_data
using MinMax for numeric columns,scale_numerical
filter out extreme observations using standard deviation in date column,detect_outliers
develop additional features by interaction for the model,feature_engineering
using target encoding for non-numeric columns,encode_categorical
apply with z-score to numeric data,scale_numerical
apply harmonize to data,standardize_data
select key features using wrapper method for analysis,feature_selection
normalize numerical data with z-score,scale_numerical
change categorical columns with frequency encoding in dataframe,encode_categorical
duplicate entries should be clean,remove_duplicates
using standard deviation to exclude extreme values,detect_outliers
by percentile to detect unusual values,detect_outliers
delete duplicate rows in the table,remove_duplicates
extreme values should be keep,keep_outliers
address NA values in data,handle_missing_values
delete unusual values,detect_outliers
normalize numerical values with z-score for all numeric columns,scale_numerical
remove unusual values,detect_outliers
replace empty entries via mean imputation in numeric columns,handle_missing_values
duplicate entries should be get rid of,remove_duplicates
adjust column formats in years_experience column,fix_data_types
blank entries should be treat,handle_missing_values
standardize text mistakes in text columns,correct_spelling
adjust spelling in rating column,correct_spelling
structure data,standardize_data
drive the my nails,unknown_intent
using ordinal encoding for text columns,encode_categorical
drop duplicate observations from data,remove_duplicates
deal with contradictions across columns,remove_inconsistencies
remove conflicting entries in date formats,remove_inconsistencies
with aggregations to generate new features,feature_engineering
remove inconsistent values,remove_inconsistencies
with z-score for numeric features,scale_numerical
adjust typos in text columns,correct_spelling
drop all duplicate data,remove_duplicates
find extreme data points from the data,detect_outliers
design custom features by interaction,feature_engineering
eliminate extreme values in column user_id,detect_outliers
nulls should be process,handle_missing_values
fix all inconsistent data,remove_inconsistencies
with one-hot encoding for string variables,encode_categorical
format all entries,standardize_data
apply using label encoding to non-numeric columns,encode_categorical
fix column types,fix_data_types
design custom derived features,feature_engineering
change column types to object in the dataset,fix_data_types
discard extreme observations by percentile,detect_outliers
with feature crosses to develop feature variables,feature_engineering
adjust all continuous variables,scale_numerical
drop and clean outliers,detect_outliers
adjust numerical values with robust scaling across all features,scale_numerical
convert data types to object,fix_data_types
clean all spelling,correct_spelling
translate categorical features in column user_id,encode_categorical
update column types,fix_data_types
how does a letter work,unknown_intent
align categories to uniform format in the dataset,standardize_data
build custom features for prediction,feature_engineering
format fields,standardize_data
apply to dummy variables to text columns,encode_categorical
fix all typographical errors,correct_spelling
apply to dummy variables to categorical columns,encode_categorical
rectify spelling mistakes,correct_spelling
address undefined values in dataframe,handle_missing_values
detect anomalies with MAD method,detect_outliers
clean all duplicate records,remove_duplicates
treat blank entries,handle_missing_values
handle all discrepancies,remove_inconsistencies
apply format to date formats,standardize_data
create custom features for ML,feature_engineering
create new attributes,feature_engineering
handle irregular entries in date formats,remove_inconsistencies
i want to run the news,unknown_intent
remove discrepancies in the dataset,remove_inconsistencies
don't save outliers,keep_outliers
encode categorical data,encode_categorical
change categories with frequency encoding,encode_categorical
rescale numeric features with StandardScaler in years_experience column,scale_numerical
anomalous data should be save,keep_outliers
apply to numerical values to string categories,encode_categorical
derive custom new attributes,feature_engineering
can you build my hair,unknown_intent
resolve inconsistencies in dataframe,remove_inconsistencies
handle data irregular entries,remove_inconsistencies
apply to dummy variables to categories,encode_categorical
generate custom engineered features,feature_engineering
fix incorrect spellings in string columns,correct_spelling
tell me about a book,unknown_intent
abnormal data must be maintain,keep_outliers
adjust data formats in dataframe,fix_data_types
normalize labels using standards,standardize_data
turn text columns for category,encode_categorical
preserve unusual values for analysis,keep_outliers
select top predictors for classification,feature_selection
by binning to construct derived features,feature_engineering
address irregular data in customer_id column,remove_inconsistencies
clean conflicting values from data,remove_inconsistencies
apply using max-abs scaling to continuous variables,scale_numerical
rescale numeric data to unit variance across all features,scale_numerical
deal with all data conflicts,remove_inconsistencies
retain extreme points intact,keep_outliers
clean outlier records from dataframe,detect_outliers
apply with one-hot encoding to string variables,encode_categorical
get significant features,feature_selection
rectify misspellings in the dataset,correct_spelling
i want to wash,unknown_intent
outlier rows must be don't remove,keep_outliers
generate features,feature_engineering
find outlier entries,detect_outliers
standardize columns to common format in all columns,standardize_data
detect and discard extreme values,detect_outliers
deal with empty entries by dropping rows in column customer_id,handle_missing_values
clean data irregular entries,remove_inconsistencies
duplicate data should be deduplicate,remove_duplicates
convert string variables to dummy variables for age,encode_categorical
field types should be fix,fix_data_types
correct all text errors,correct_spelling
discard unusual values with isolation forest,detect_outliers
remove and clean extreme data points,detect_outliers
format text,standardize_data
text errors should be clean,correct_spelling
drop redundant rows based on date,remove_duplicates
with ffill for missing values,handle_missing_values
adjust all continuous features,scale_numerical
scale continuous features,scale_numerical
derive new attributes for analysis,feature_engineering
spelling mistakes should be rectify,correct_spelling
clean all outliers,detect_outliers
using 3-sigma rule to filter out anomalous data,detect_outliers
extreme values should be don't remove,keep_outliers
select features by variance for analysis,feature_selection
repair text errors in salary column,correct_spelling
get rid of all extreme data points,detect_outliers
harmonize values across columns,standardize_data
by mathematical operations to construct additional features,feature_engineering
apply with standard scaling to quantitative variables,scale_numerical
deal with all mismatches,remove_inconsistencies
adjust continuous variables with z-score,scale_numerical
eliminate all mismatches,remove_inconsistencies
modify dtypes to categorical in column id,fix_data_types
get rid of duplicate observations based on income,remove_duplicates
correct spelling mistakes,correct_spelling
scale continuous variables in the dataset,scale_numerical
get best features relevant to id,feature_selection
considering rating clean redundant rows,remove_duplicates
extract top 10 best attributes,feature_selection
set column formats in column category,fix_data_types
by mathematical operations to create feature columns,feature_engineering
using 3-sigma rule to clean outlier rows,detect_outliers
text mistakes should be rectify,correct_spelling
outlier rows must be save,keep_outliers
transform data types,fix_data_types
what about my car,unknown_intent
using IQR to filter out anomalous data,detect_outliers
change variable types in the dataset,fix_data_types
derive new features for analysis,feature_engineering
remove irregular data in categories,remove_inconsistencies
unify date formats,standardize_data
map categorical columns in id column,encode_categorical
apply standardize to entries,standardize_data
modify types for rating,fix_data_types
engineer feature columns for the model,feature_engineering
convert text columns to dummy variables in the dataset,encode_categorical
turn categorical features,encode_categorical
considering years_experience delete duplicate entries,remove_duplicates
preserve outlier records for study,keep_outliers
by combining features to construct custom features,feature_engineering
detect outlier records,detect_outliers
derive features for analysis,feature_engineering
get rid of abnormal data using IQR,detect_outliers
abnormal data should be keep,keep_outliers
choose predictors for the model,feature_selection
perform feature selection target=user_id,feature_selection
filter all duplicates,remove_duplicates
select best attributes related to score,feature_selection
transform text features in income column,encode_categorical
transform continuous variables using max-abs scaling across all features,scale_numerical
translate string categories to integers,encode_categorical
by column category discard repeated records,remove_duplicates
where is a game,unknown_intent
remove all duplicate observations,remove_duplicates
exclude outliers with z-score in numeric columns,detect_outliers
can you grill the house,unknown_intent
turn text features with one-hot encoding in dataframe,encode_categorical
generate additional features from existing columns for the model,feature_engineering
structure columns across columns,standardize_data
extract engineered features,feature_engineering
i want to sweep,unknown_intent
remove outlier rows,detect_outliers
modify types for all columns,fix_data_types
detect outlier records with z-score,detect_outliers
translate non-numeric columns in the dataset,encode_categorical
normalize continuous variables using normalization in column date,scale_numerical
encode categorical columns,encode_categorical
build new attributes using domain knowledge,feature_engineering
eliminate duplicates from data,remove_duplicates
build derived features with aggregations,feature_engineering
treat undefined values by backward fill,handle_missing_values
map string categories with binary encoding,encode_categorical
save unusual values,keep_outliers
from data deduplicate repeated records,remove_duplicates
please drink the laundry,unknown_intent
don't keep abnormal data,keep_outliers
transform numerical data with robust scaling in dataframe,scale_numerical
align date formats across dataset,standardize_data
can you climb TV,unknown_intent
in the table remove duplicate records,remove_duplicates
scale numerical data in id column,scale_numerical
don't remove extreme points,keep_outliers
handle inconsistencies across columns,remove_inconsistencies
find extreme values,detect_outliers
outliers should be keep,keep_outliers
inconsistent values should be fix,remove_inconsistencies
address missing data with ffill across all columns,handle_missing_values
get best attributes for target amount,feature_selection
structure text to uniform format,standardize_data
deduplicate duplicate data from the data,remove_duplicates
let us wash,unknown_intent
construct feature variables with feature crosses,feature_engineering
find top predictors target column: user_id,feature_selection
extreme values must be leave,keep_outliers
normalize continuous features using MinMax,scale_numerical
handle NaNs for column rating,handle_missing_values
leave anomalies for study,keep_outliers
discard outliers with MAD method,detect_outliers
transform numeric data,scale_numerical
apply standardize to naming conventions,standardize_data
correct text text errors,correct_spelling
can you listen the top,unknown_intent
discard extreme values with z-score from the data,detect_outliers
pick relevant features with filter method for user_id,feature_selection
do not remove extreme points,keep_outliers
discard all unusual values,detect_outliers
retain outlier rows in dataset,keep_outliers
clean extreme data points from customer_id,detect_outliers
leave anomalies,keep_outliers
don't leave abnormal data,keep_outliers
show me the garden,unknown_intent
adjust misspellings,correct_spelling
apply with frequency encoding to categorical variables,encode_categorical
rescale all numeric columns,scale_numerical
change field types,fix_data_types
format fields to uniform format in the dataset,standardize_data
pick attributes for target column: name for ML,feature_selection
NA values should be address,handle_missing_values
convert types to object,fix_data_types
encode categories with one-hot encoding,encode_categorical
discard all duplicate data,remove_duplicates
harmonize text to common format,standardize_data
sweep the the door,unknown_intent
how does my hands work,unknown_intent
eliminate all data conflicts,remove_inconsistencies
determine relevant features using wrapper method for prediction,feature_selection
develop feature variables using polynomial features,feature_engineering
amend typos,correct_spelling
retain anomalous data,keep_outliers
apply unify to date formats,standardize_data
build new features for better accuracy,feature_engineering
perform feature engineering,feature_engineering
inconsistencies should be handle,remove_inconsistencies
clean data inconsistencies in dataframe,remove_inconsistencies
structure formats across dataset,standardize_data
apply using normalization to continuous features,scale_numerical
using domain knowledge to extract features,feature_engineering
extract predictors for prediction of amount,feature_selection
scale numeric data using MinMax,scale_numerical
time to write,unknown_intent
remove data conflicting values,remove_inconsistencies
exclude and detect abnormal data,detect_outliers
save outlier rows,keep_outliers
treat empty entries by forward fill,handle_missing_values
drop all duplicates,remove_duplicates
adjust incorrect spellings,correct_spelling
encode all string variables,encode_categorical
translate all text features,encode_categorical
to numeric for non-numeric columns,encode_categorical
can you tidy TV,unknown_intent
apply to numerical values to string variables,encode_categorical
fix spelling mistakes in dataframe,correct_spelling
don't remove extreme values for investigation,keep_outliers
data conflicts should be handle,remove_inconsistencies
normalize fields across dataset,standardize_data
i need to catch,unknown_intent
undefined values should be impute,handle_missing_values
outliers must be preserve,keep_outliers
determine most important features based on amount,feature_selection
filter all duplicate entries,remove_duplicates
format all date formats,standardize_data
build features by interaction,feature_engineering
maintain outlier rows,keep_outliers
harmonize formats,standardize_data
translate categorical variables with binary encoding,encode_categorical
eliminate all anomalies,detect_outliers
don't leave outlier records,keep_outliers
change datatypes to boolean,fix_data_types
eliminate all irregular entries,remove_inconsistencies
don't leave unusual values,keep_outliers
adjust spelling across all text,correct_spelling
eliminate all inconsistent data,remove_inconsistencies
clean duplicate observations,remove_duplicates
rectify text text mistakes,correct_spelling
perform feature selection with target column amount,feature_selection
fix types in customer_id column,fix_data_types
create custom features for better accuracy,feature_engineering
structure fields by convention,standardize_data
update dtypes to category in column rating,fix_data_types
remove duplicate observations from data,remove_duplicates
outlier records must be save,keep_outliers
standardize numeric columns using MinMax in the dataset,scale_numerical
map all categories,encode_categorical
format all categories,standardize_data
where is tea,unknown_intent
treat null values in the dataset,handle_missing_values
find best attributes for predicting category,feature_selection
apply using label encoding to categorical features,encode_categorical
clean text misspellings,correct_spelling
how to tidy,unknown_intent
perform feature selection for target column: amount,feature_selection
abnormal data must be leave,keep_outliers
don't delete all outlier records,keep_outliers
change categorical columns to integers,encode_categorical
run feature selection top-k method target=salary,feature_selection
datatypes should be update,fix_data_types
extract engineered features by mathematical operations for ML,feature_engineering
clean all duplicate rows,remove_duplicates
standardize text using standards in all columns,standardize_data
rectify spelling in rating column,correct_spelling
clean data conflicting entries,remove_inconsistencies
preserve abnormal data for review,keep_outliers
make consistent data,standardize_data
choose best 20 top predictors,feature_selection
by combining features to create feature columns,feature_engineering
eliminate irregular entries in the dataset,remove_inconsistencies
find and detect unusual values,detect_outliers
format labels across dataset in dataframe,standardize_data
align values in date column,standardize_data
drop duplicate observations considering name,remove_duplicates
show me a text,unknown_intent
in dataframe drop identical rows,remove_duplicates
with median for empty cells,handle_missing_values
standardize typos in salary column,correct_spelling
extreme values must be don't remove,keep_outliers
please sell my homework,unknown_intent
change non-numeric columns,encode_categorical
correct data conflicts in dataframe,remove_inconsistencies
deal with all inconsistent data,remove_inconsistencies
fix column formats to int for user_id,fix_data_types
impute nulls with median value,handle_missing_values
apply using target encoding to categorical variables,encode_categorical
retain outlier records,keep_outliers
convert all numeric variables,scale_numerical
data types should be convert,fix_data_types
normalize numeric data to 0-1 range,scale_numerical
change field types to boolean,fix_data_types
transform text features,encode_categorical
clean redundant rows from the data,remove_duplicates
anomalies should be don't delete,keep_outliers
change category columns to numeric,encode_categorical
fix all null values,handle_missing_values
transform all non-numeric columns,encode_categorical
deduplicate duplicate records from data,remove_duplicates
find extreme data points using DBSCAN,detect_outliers
rescale numeric features,scale_numerical
extract best attributes for prediction of salary,feature_selection
abnormal data should be maintain,keep_outliers
adjust numeric features using MinMax,scale_numerical
turn categories with frequency encoding,encode_categorical
resolve inconsistent values in values,remove_inconsistencies
to numeric for categorical columns,encode_categorical
with constant value for missing entries,handle_missing_values
don't don't delete outliers,keep_outliers
manage nulls in dataframe,handle_missing_values
save outliers for review,keep_outliers
keep outlier records for review,keep_outliers
fix all irregular data,remove_inconsistencies
align formats by convention in dataframe,standardize_data
treat NA values with constant value in numeric columns,handle_missing_values
encode non-numeric columns,encode_categorical
undefined values should be treat,handle_missing_values
impute missing values in the dataset,handle_missing_values
extract significant features with income as target for regression,feature_selection
standardize misspellings,correct_spelling
deal with all irregular data,remove_inconsistencies
remove inconsistent data,remove_inconsistencies
make consistent categories,standardize_data
determine useful features for customer_id,feature_selection
perform feature selection for salary,feature_selection
don't remove all extreme values,keep_outliers
NaNs should be fill,handle_missing_values
correct spelling mistakes in column age,correct_spelling
get rid of all unusual values,detect_outliers
from existing columns to design new features,feature_engineering
apply to numerical values to categorical features,encode_categorical
engineer feature columns from existing columns,feature_engineering
apply using target encoding to categories,encode_categorical
clean outlier entries using 3-sigma rule,detect_outliers
let us run,unknown_intent
encode category columns using ordinal encoding,encode_categorical
set variable types to string in rating column,fix_data_types
i want to run the window,unknown_intent
format labels,standardize_data
derive engineered features by binning for better accuracy,feature_engineering
adjust all numeric columns,scale_numerical
adjust data formats,fix_data_types
typographical errors should be correct,correct_spelling
select useful features related to id,feature_selection
design new attributes,feature_engineering
extract best attributes for analysis,feature_selection
format fields to common format,standardize_data
apply format to naming conventions,standardize_data
amend text misspellings,correct_spelling
conflicting entries should be remove,remove_inconsistencies
show me the bathroom,unknown_intent
get rid of outlier records from dataframe,detect_outliers
using normalization for quantitative variables,scale_numerical
fix dtypes for years_experience,fix_data_types
apply using max-abs scaling to numerical values,scale_numerical
standardize text misspellings,correct_spelling
perform feature selection related to age,feature_selection
inconsistencies should be resolve,remove_inconsistencies
fix typographical errors in the dataset,correct_spelling
transform categorical variables to dummy variables in column id,encode_categorical
align labels using template,standardize_data
encode string categories to numerical values in dataframe,encode_categorical
identify outliers by percentile in numeric columns,detect_outliers
delete all extreme values,detect_outliers
adjust numerical data with StandardScaler,scale_numerical
standardize numeric columns,scale_numerical
normalize numerical features in price column,scale_numerical
how does breakfast work,unknown_intent
discard outliers using IQR,detect_outliers
rescale numerical values,scale_numerical
fix incorrect spellings in column years_experience,correct_spelling
using 3-sigma rule to eliminate outlier entries,detect_outliers
regularize date formats by convention in dataframe,standardize_data
change string categories with one-hot encoding,encode_categorical
replace empty entries in the data,handle_missing_values
manage empty entries,handle_missing_values
transform categorical data to numeric for name,encode_categorical
normalize values across columns,standardize_data
deduplicate all duplicate observations,remove_duplicates
build new attributes for modeling,feature_engineering
eliminate data contradictions,remove_inconsistencies
exclude abnormal data with isolation forest,detect_outliers
derive derived features for ML,feature_engineering
can you organize the cat,unknown_intent
apply unify to fields,standardize_data
impute NaNs by mode across all columns,handle_missing_values
fix discrepancies,remove_inconsistencies
amend text mistakes across all text,correct_spelling
outliers should be maintain,keep_outliers
format entries using template,standardize_data
deal with data mismatches,remove_inconsistencies
adjust numerical values in the dataset,scale_numerical
run feature selection by RFE for target column: id,feature_selection
fix column types to numeric for date,fix_data_types
turn string variables in column salary,encode_categorical
find outlier entries using IQR,detect_outliers
design new attributes to improve performance,feature_engineering
fix data contradictions,remove_inconsistencies
tell me about a text,unknown_intent
create feature variables for modeling,feature_engineering
redundant rows should be discard,remove_duplicates
using mean for missing data,handle_missing_values
standardize text errors across all text,correct_spelling
fix text errors in dataframe,correct_spelling
via mean imputation for missing cells,handle_missing_values
construct feature columns,feature_engineering
correct type definitions to float,fix_data_types
convert numeric columns to unit variance for all numeric columns,scale_numerical
impute missing values with ffill,handle_missing_values
create engineered features with feature crosses,feature_engineering
cast type definitions to datetime for all columns,fix_data_types
deal with all inconsistencies,remove_inconsistencies
adjust data formats for all columns,fix_data_types
maintain outlier records,keep_outliers
spelling errors should be clean,correct_spelling
with z-score to filter out outlier records,detect_outliers
correct data irregular entries,remove_inconsistencies
by dropping rows for missing values,handle_missing_values
map all string categories,encode_categorical
extract new attributes,feature_engineering
derive feature columns,feature_engineering
extract new features for better accuracy,feature_engineering
fix typos in amount column,correct_spelling
filter out all abnormal data,detect_outliers
apply using target encoding to non-numeric columns,encode_categorical
rectify text typos,correct_spelling
address inconsistent values in categories,remove_inconsistencies
convert continuous variables in column age,scale_numerical
rescale numeric data with robust scaling in column age,scale_numerical
handle irregular data from data,remove_inconsistencies
design new attributes using polynomial features,feature_engineering
address missing entries by dropping rows in dataframe,handle_missing_values
via mean imputation for blank entries,handle_missing_values
align formats to common format,standardize_data
what is my room,unknown_intent
get top predictors for predicting rating,feature_selection
derive additional features by combining features,feature_engineering
can you boil,unknown_intent
column formats should be adjust,fix_data_types
preserve outlier records for investigation,keep_outliers
regularize columns,standardize_data
correct typos in dataframe,correct_spelling
address all irregular data,remove_inconsistencies
rescale quantitative variables using min-max scaling in name column,scale_numerical
grill today,unknown_intent
map string categories with frequency encoding,encode_categorical
transform categorical data to numeric,encode_categorical
using MinMax for numerical data,scale_numerical
fix empty cells via mean imputation,handle_missing_values
address empty entries in data,handle_missing_values
engineer feature variables by interaction,feature_engineering
run for me,unknown_intent
roast,unknown_intent
apply with frequency encoding to categorical features,encode_categorical
change dtypes to datetime,fix_data_types
find outlier records using standard deviation from dataframe,detect_outliers
normalize numerical values,scale_numerical
convert text features in years_experience column,encode_categorical
fix data conflicts,remove_inconsistencies
normalize numeric features in dataframe,scale_numerical
deduplicate identical rows considering user_id,remove_duplicates
deduplicate duplicate data from data,remove_duplicates
convert variable types in the dataset,fix_data_types
what about my teeth,unknown_intent
turn all text features,encode_categorical
identify extreme data points using boxplot method,detect_outliers
clean identical rows from data,remove_duplicates
time to swim,unknown_intent
rectify all text errors,correct_spelling
apply to unit variance to quantitative variables,scale_numerical
amend text errors across all text,correct_spelling
data formats should be correct,fix_data_types
using standard deviation to get rid of outliers,detect_outliers
keep outlier rows,keep_outliers
preserve all unusual values,keep_outliers
transform categorical data to integers,encode_categorical
using name discard duplicate entries,remove_duplicates
chop for me,unknown_intent
address null values using linear interpolation in dataframe,handle_missing_values
clean all outlier records,detect_outliers
conflicting values should be address,remove_inconsistencies
don't leave outliers,keep_outliers
fix text mistakes,correct_spelling
translate text columns,encode_categorical
handle undefined values by dropping rows for column name,handle_missing_values
drop duplicate data from dataset,remove_duplicates
by statistical method to identify outliers,detect_outliers
using min-max scaling for numeric features,scale_numerical
from dataset filter duplicate observations,remove_duplicates
run feature selection by correlation for target salary,feature_selection
show me my car,unknown_intent
please listen the laundry,unknown_intent
discard duplicate data considering salary,remove_duplicates
make consistent naming conventions using standards in the dataset,standardize_data
transform all text columns,encode_categorical
correct column formats for all columns,fix_data_types
clean irregular data in salary column,remove_inconsistencies
with isolation forest to identify extreme observations,detect_outliers
drop outlier entries using IQR from the data,detect_outliers
address all inconsistent data,remove_inconsistencies
incorrect spellings should be amend,correct_spelling
clean irregular data from the data,remove_inconsistencies
please sell,unknown_intent
rescale numerical values with standard scaling,scale_numerical
rectify typos in string columns,correct_spelling
extract top predictors for the model,feature_selection
using importance to determine top predictors,feature_selection
do not remove extreme values,keep_outliers
delete duplicate records from data,remove_duplicates
choose best attributes with filter method with target=category,feature_selection
regularize naming conventions to consistent format in the dataset,standardize_data
treat empty cells in data,handle_missing_values
keep extreme points,keep_outliers
apply to 0-1 range to quantitative variables,scale_numerical
amend incorrect spellings,correct_spelling
generate feature variables with aggregations for modeling,feature_engineering
harmonize text in all columns,standardize_data
find attributes with target=date for regression,feature_selection
swim today,unknown_intent
format date formats,standardize_data
resolve conflicting values,remove_inconsistencies
data types should be transform,fix_data_types
generate additional features using domain knowledge for analysis,feature_engineering
fix typos in data,correct_spelling
by binning to build features,feature_engineering
correct column formats,fix_data_types
based on customer_id deduplicate duplicate entries,remove_duplicates
get rid of and clean extreme data points,detect_outliers
determine attributes for predicting price,feature_selection
clean misspellings in string columns,correct_spelling
detect all extreme points,detect_outliers
standardize numeric variables with StandardScaler,scale_numerical
treat empty entries via mean imputation,handle_missing_values
correct incorrect spellings in string columns,correct_spelling
treat nulls,handle_missing_values
don't remove unusual values in dataset,keep_outliers
process nulls in data,handle_missing_values
using domain knowledge to extract additional features,feature_engineering
duplicates should be get rid of,remove_duplicates
drop redundant rows from data,remove_duplicates
transform text columns to integers,encode_categorical
i like to organize,unknown_intent
manage null values in the data,handle_missing_values
apply harmonize to values,standardize_data
duplicate records should be eliminate,remove_duplicates
eliminate data conflicts from data,remove_inconsistencies
i like to drink,unknown_intent
with statistical tests to get features,feature_selection
from the data filter duplicate data,remove_duplicates
align values across dataset in dataframe,standardize_data
develop features,feature_engineering
why is my teeth,unknown_intent
based on income remove duplicate observations,remove_duplicates
repair misspellings,correct_spelling
design custom features by mathematical operations for prediction,feature_engineering
time to scrub,unknown_intent
write for me please,unknown_intent
by backward fill for NaNs,handle_missing_values
please freeze a movie,unknown_intent
develop feature columns for the model,feature_engineering
scale numerical data with standard scaling,scale_numerical
extract derived features from existing columns,feature_engineering
select top predictors related to income,feature_selection
structure date formats in amount column,standardize_data
construct feature columns from existing columns for the model,feature_engineering
cast variable types for all columns,fix_data_types
using transformations to build custom features,feature_engineering
turn non-numeric columns to numerical values,encode_categorical
detect and remove extreme observations,detect_outliers
convert non-numeric columns for salary,encode_categorical
select best attributes for predicting salary,feature_selection
standardize formats in dataframe,standardize_data
apply to 0-1 range to numerical values,scale_numerical
normalize categories in id column,standardize_data
using label encoding for category columns,encode_categorical
construct new features for prediction,feature_engineering
handle all mismatches,remove_inconsistencies
deal with data data inconsistencies,remove_inconsistencies
standardize spelling mistakes,correct_spelling
clean all spelling errors,correct_spelling
leave unusual values for study,keep_outliers
change categorical variables,encode_categorical
correct data inconsistencies in date formats,remove_inconsistencies
preserve outlier rows untouched,keep_outliers
identify features for prediction of user_id,feature_selection
perform feature selection for column years_experience,feature_selection
from existing columns to design feature columns,feature_engineering
can you sell,unknown_intent
clean text errors in string columns,correct_spelling
convert continuous features in column price,scale_numerical
adjust column types,fix_data_types
using transformations to develop new attributes,feature_engineering
i like to write,unknown_intent
duplicate rows should be drop,remove_duplicates
pick important features for prediction of years_experience,feature_selection
align date formats to consistent format in id column,standardize_data
design additional features from existing columns for better accuracy,feature_engineering
map all text features,encode_categorical
run feature selection using mutual information,feature_selection
wash the my car,unknown_intent
convert numeric variables using min-max scaling in dataframe,scale_numerical
clean outlier entries using boxplot method,detect_outliers
ensure correct type definitions,fix_data_types
develop custom feature variables,feature_engineering
extract features from existing columns for analysis,feature_engineering
NA values should be deal with,handle_missing_values
i like to jump,unknown_intent
extreme values must be preserve,keep_outliers
perform feature selection target: category,feature_selection
don't maintain extreme points,keep_outliers
unusual values should be maintain,keep_outliers
build additional features by binning to improve performance,feature_engineering
paint today,unknown_intent
cast field types,fix_data_types
amend all spelling mistakes,correct_spelling
filter duplicate entries from dataset,remove_duplicates
clean mismatches in dataframe,remove_inconsistencies
handle data data conflicts,remove_inconsistencies
text errors should be correct,correct_spelling
save outlier records untouched,keep_outliers
swim the a photo,unknown_intent
replace missing values,handle_missing_values
preserve all outlier rows,keep_outliers
identify useful features for predicting rating,feature_selection
regularize columns to consistent format in all columns,standardize_data
delete outlier entries using DBSCAN across all features,detect_outliers
filter redundant rows from data,remove_duplicates
apply structure to columns,standardize_data
structure naming conventions,standardize_data
determine significant features for prediction of customer_id,feature_selection
deal with inconsistent values,remove_inconsistencies
normalize text,standardize_data
remove extreme points using boxplot method,detect_outliers
outliers must be maintain,keep_outliers
standardize misspellings in dataframe,correct_spelling
deal with null values by forward fill across all columns,handle_missing_values
in dataframe discard repeated entries,remove_duplicates
abnormal data should be don't remove,keep_outliers
cast datatypes to object,fix_data_types
harmonize all entries,standardize_data
set field types to date for all columns,fix_data_types
address data conflicts in categories,remove_inconsistencies
repair misspellings in text columns,correct_spelling
regularize all date formats,standardize_data
types should be convert,fix_data_types
keep outlier records as they are,keep_outliers
identify features using chi-square for analysis,feature_selection
duplicate data should be delete,remove_duplicates
using ordinal encoding for categorical data,encode_categorical
apply with standard scaling to numeric features,scale_numerical
type definitions should be change,fix_data_types
clean inconsistent values in date formats,remove_inconsistencies
engineer new features for analysis,feature_engineering
tell me about coffee,unknown_intent
apply normalize to formats,standardize_data
apply to unit variance to numerical values,scale_numerical
keep extreme values for study,keep_outliers
from the data filter duplicate rows,remove_duplicates
deduplicate duplicate data from dataset,remove_duplicates
fix conflicting entries in categories,remove_inconsistencies
retain outliers,keep_outliers
replace NaNs,handle_missing_values
address null values with median value in years_experience column,handle_missing_values
transform all categorical data,encode_categorical
handle data irregular data,remove_inconsistencies
convert dtypes,fix_data_types
anomalous data should be leave,keep_outliers
convert all continuous variables,scale_numerical
type definitions should be fix,fix_data_types
apply to integers to string categories,encode_categorical
select key features,feature_selection
clean misspellings,correct_spelling
can you stir my homework,unknown_intent
deduplicate duplicate entries from data,remove_duplicates
harmonize naming conventions,standardize_data
duplicate observations should be filter,remove_duplicates
create feature columns using polynomial features,feature_engineering
transform quantitative variables in dataframe,scale_numerical
correct inconsistencies,remove_inconsistencies
address null values in data,handle_missing_values
develop additional features with feature crosses,feature_engineering
empty cells should be address,handle_missing_values
rectify all typographical errors,correct_spelling
i want to draw TV,unknown_intent
apply with standard scaling to numerical values,scale_numerical
exclude and eliminate anomalous data,detect_outliers
update field types in dataframe,fix_data_types
design engineered features for better accuracy,feature_engineering
rectify incorrect spellings in text columns,correct_spelling
make data consistent,standardize_data
fill undefined values by mode,handle_missing_values
by dropping rows for NA values,handle_missing_values
don't delete outlier records in dataset,keep_outliers
transform non-numeric columns in id column,encode_categorical
get features related to column category for ML,feature_selection
encode categorical data using ordinal encoding in id column,encode_categorical
rescale continuous features using MinMax,scale_numerical
address missing entries for column income,handle_missing_values
run feature selection with filter method based on amount,feature_selection
update datatypes,fix_data_types
variable types should be adjust,fix_data_types
transform column types to str,fix_data_types
spelling mistakes should be adjust,correct_spelling
with median value for missing values,handle_missing_values
don't remove outlier rows as they are,keep_outliers
eliminate duplicate data by column rating,remove_duplicates
choose significant features with statistical tests target: id,feature_selection
get important features using chi-square for target column: customer_id,feature_selection
clean inconsistencies in date formats,remove_inconsistencies
do not remove outlier rows,keep_outliers
remove all data inconsistencies,remove_inconsistencies
determine useful features for regression,feature_selection
clean outlier entries,detect_outliers
get top predictors target=category,feature_selection
datatypes should be change,fix_data_types
modify dtypes to category for date,fix_data_types
using min-max scaling for numeric variables,scale_numerical
identify all outlier entries,detect_outliers
rectify all spelling,correct_spelling
preserve outlier records unchanged,keep_outliers
pick best features that predict rating,feature_selection
deal with irregular data,remove_inconsistencies
clean all unusual values,detect_outliers
rescale continuous features,scale_numerical
adjust text mistakes,correct_spelling
derive engineered features,feature_engineering
adjust numeric columns,scale_numerical
by variance to choose predictors,feature_selection
discard identical rows from data,remove_duplicates
using max-abs scaling for numerical values,scale_numerical
discard anomalies across all features,detect_outliers
save all anomalies,keep_outliers
deal with data conflicting entries,remove_inconsistencies
with aggregations to design custom features,feature_engineering
discard outlier records using IQR in income column,detect_outliers
keep all anomalous data,keep_outliers
normalize formats to consistent format,standardize_data
correct text typographical errors,correct_spelling
discard duplicate data,remove_duplicates
get rid of duplicate data considering name,remove_duplicates
correct data formats for all columns,fix_data_types
apply structure to fields,standardize_data
retain extreme points for investigation,keep_outliers
apply using normalization to numeric columns,scale_numerical
update column formats to str in category column,fix_data_types
can you listen,unknown_intent
normalize date formats in column customer_id,standardize_data
cast column formats to categorical,fix_data_types
scale quantitative variables,scale_numerical
with z-score to detect outlier entries,detect_outliers
with robust scaling for numerical data,scale_numerical
correct variable types to datetime,fix_data_types
conflicting values should be fix,remove_inconsistencies
using target encoding for string variables,encode_categorical
don't delete outlier records,keep_outliers
tidy the top,unknown_intent
standardize quantitative variables,scale_numerical
amend typographical errors across all text,correct_spelling
transform quantitative variables to unit variance in dataframe,scale_numerical
by statistical method to eliminate outlier rows,detect_outliers
develop derived features for better accuracy,feature_engineering
build engineered features,feature_engineering
adjust numerical values with standard scaling,scale_numerical
misspellings should be clean,correct_spelling
modify dtypes to float across columns,fix_data_types
apply using ordinal encoding to string categories,encode_categorical
resolve conflicting values from data,remove_inconsistencies
don't delete all extreme values,keep_outliers
standardize spelling mistakes in dataframe,correct_spelling
drop all repeated rows,remove_duplicates
filter duplicates from data,remove_duplicates
anomalies must be don't remove,keep_outliers
fill empty entries,handle_missing_values
keep anomalies for analysis,keep_outliers
format columns in the dataset,standardize_data
rectify spelling mistakes in column user_id,correct_spelling
using standard deviation to identify outlier entries,detect_outliers
determine top features relevant to income,feature_selection
scale numerical data using min-max scaling for all numeric columns,scale_numerical
adjust all typographical errors,correct_spelling
what about a message,unknown_intent
derive new features for better accuracy,feature_engineering
update types to numeric,fix_data_types
outlier rows should be don't remove,keep_outliers
deal with all discrepancies,remove_inconsistencies
extract features,feature_engineering
repair all spelling mistakes,correct_spelling
create new attributes by binning for modeling,feature_engineering
maintain outlier records for analysis,keep_outliers
transform categorical features to dummy variables for price,encode_categorical
identify useful features related to salary,feature_selection
process all NA values,handle_missing_values
abnormal data must be keep,keep_outliers
don't don't delete abnormal data,keep_outliers
abnormal data must be don't delete,keep_outliers
address mismatches in date formats,remove_inconsistencies
run feature selection using chi-square,feature_selection
typos should be standardize,correct_spelling
don't keep outlier records,keep_outliers
derive new attributes,feature_engineering
deal with empty entries,handle_missing_values
outliers should be don't delete,keep_outliers
outlier rows must be retain,keep_outliers
get rid of and delete extreme data points,detect_outliers
apply to numeric to string categories,encode_categorical
apply with robust scaling to numeric columns,scale_numerical
redundant rows should be remove,remove_duplicates
structure all fields,standardize_data
save unusual values unchanged,keep_outliers
remove all extreme observations,detect_outliers
regularize naming conventions to consistent format across columns,standardize_data
using amount deduplicate duplicate rows,remove_duplicates
leave extreme points intact,keep_outliers
transform numeric features in dataframe,scale_numerical
from dataset filter identical rows,remove_duplicates
repeated records should be clean,remove_duplicates
address conflicting values in the dataset,remove_inconsistencies
to integers for text columns,encode_categorical
change categorical data to numeric,encode_categorical
why is a photo,unknown_intent
transform datatypes for all columns,fix_data_types
column formats should be change,fix_data_types
save extreme points for investigation,keep_outliers
discard extreme data points using DBSCAN in date column,detect_outliers
apply using label encoding to string variables,encode_categorical
anomalies must be preserve,keep_outliers
scale numerical features using normalization,scale_numerical
scale all quantitative variables,scale_numerical
deduplicate duplicate rows considering salary,remove_duplicates
with statistical tests to determine important features,feature_selection
replace missing data in data,handle_missing_values
eliminate anomalous data,detect_outliers
apply normalize to date formats,standardize_data
transform datatypes to numeric,fix_data_types
modify field types,fix_data_types
build new attributes by combining features to improve performance,feature_engineering
amend spelling errors in the dataset,correct_spelling
amend spelling mistakes in text columns,correct_spelling
i want to buy,unknown_intent
transform string variables in the dataset,encode_categorical
incorrect spellings should be fix,correct_spelling
by interaction to design engineered features,feature_engineering
apply using label encoding to text columns,encode_categorical
deal with missing cells using mean in dataframe,handle_missing_values
apply using label encoding to categorical data,encode_categorical
handle all conflicting values,remove_inconsistencies
generate feature columns with aggregations,feature_engineering
convert dtypes in column age,fix_data_types
resolve conflicting values in dataframe,remove_inconsistencies
fill NaNs in data,handle_missing_values
can you dance,unknown_intent
how does the garage work,unknown_intent
normalize categories,standardize_data
process missing values,handle_missing_values
design new features using domain knowledge for ML,feature_engineering
rectify spelling in dataframe,correct_spelling
remove all duplicate records,remove_duplicates
apply with frequency encoding to non-numeric columns,encode_categorical
ensure correct variable types,fix_data_types
clean incorrect spellings in the dataset,correct_spelling
transform categorical data,encode_categorical
handle missing data in data,handle_missing_values
make consistent labels,standardize_data
build new features,feature_engineering
drop outlier entries in numeric columns,detect_outliers
why is the top,unknown_intent
unify formats to consistent format in column user_id,standardize_data
apply to dummy variables to categorical data,encode_categorical
resolve all irregular data,remove_inconsistencies
create additional features for modeling,feature_engineering
scale quantitative variables across all features,scale_numerical
clean inconsistent values from data,remove_inconsistencies
get rid of all extreme points,detect_outliers
correct data inconsistent values,remove_inconsistencies
maintain all anomalous data,keep_outliers
adjust text mistakes in the dataset,correct_spelling
retain extreme points,keep_outliers
clean incorrect spellings,correct_spelling
rectify all typos,correct_spelling
eliminate duplicate rows,remove_duplicates
identify features,feature_selection
save outlier records,keep_outliers
structure formats in the dataset,standardize_data
let us mop,unknown_intent
address contradictions from data,remove_inconsistencies
outlier rows should be keep,keep_outliers
remove identical rows from data,remove_duplicates
delete anomalies using DBSCAN in the dataset,detect_outliers
unify all text,standardize_data
adjust numerical values in dataframe,scale_numerical
generate features by interaction to improve performance,feature_engineering
design derived features by interaction,feature_engineering
deal with empty entries for column price,handle_missing_values
transform categorical variables in column amount,encode_categorical
why is the bathroom,unknown_intent
discard duplicate observations from data,remove_duplicates
replace missing values in data,handle_missing_values
deal with inconsistent values in date formats,remove_inconsistencies
find abnormal data,detect_outliers
impute NaNs using mean,handle_missing_values
regularize data,standardize_data
correct incorrect spellings in dataframe,correct_spelling
identify extreme points from the data,detect_outliers
run feature selection with filter method for column salary,feature_selection
how to watch,unknown_intent
pick top features related to column rating,feature_selection
with median for missing values,handle_missing_values
align naming conventions,standardize_data
clean outlier entries with MAD method,detect_outliers
get rid of duplicate records by column id,remove_duplicates
resolve data conflicts across columns,remove_inconsistencies
fill nulls in data,handle_missing_values
apply with binary encoding to text features,encode_categorical
encode category columns in the dataset,encode_categorical
fix inconsistent values across columns,remove_inconsistencies
clean all inconsistent values,remove_inconsistencies
remove duplicate rows from the data,remove_duplicates
correct column types in dataframe,fix_data_types
discard outliers,detect_outliers
deal with mismatches,remove_inconsistencies
format entries using template in dataframe,standardize_data
maintain all abnormal data,keep_outliers
regularize categories in dataframe,standardize_data
by binning to design new attributes,feature_engineering
eliminate data conflicts in the dataset,remove_inconsistencies
translate all non-numeric columns,encode_categorical
amend spelling,correct_spelling
exclude extreme observations by statistical method in numeric columns,detect_outliers
i need to write,unknown_intent
deal with all empty cells,handle_missing_values
unify categories by convention,standardize_data
please dance my hair,unknown_intent
please fry,unknown_intent
develop new attributes with feature crosses for prediction,feature_engineering
manage nulls with interpolation in dataframe,handle_missing_values
replace missing cells by forward fill,handle_missing_values
map string variables,encode_categorical
translate all string categories,encode_categorical
fill NA values,handle_missing_values
build feature columns for better accuracy,feature_engineering
outlier rows should be retain,keep_outliers
with StandardScaler for numeric features,scale_numerical
get rid of repeated records,remove_duplicates
deal with data inconsistencies,remove_inconsistencies
delete and drop outlier records,detect_outliers
eliminate outlier records using DBSCAN in the dataset,detect_outliers
preserve unusual values for further analysis,keep_outliers
translate categorical features with one-hot encoding,encode_categorical
cast dtypes in the dataset,fix_data_types
please sleep an email,unknown_intent
discard duplicate rows in dataframe,remove_duplicates
eliminate and eliminate anomalous data,detect_outliers
process missing data,handle_missing_values
time to cut,unknown_intent
process missing data using mode,handle_missing_values
structure all categories,standardize_data
deal with missing entries,handle_missing_values
cast column formats to numeric for all columns,fix_data_types
rectify all incorrect spellings,correct_spelling
apply using target encoding to categorical data,encode_categorical
duplicate data should be drop,remove_duplicates
using linear interpolation for null values,handle_missing_values
convert all categorical variables,encode_categorical
transform type definitions to categorical for all columns,fix_data_types
structure naming conventions in dataframe,standardize_data
drop identical rows using date,remove_duplicates
fix spelling,correct_spelling
get top 5 important features,feature_selection
impute missing cells in the data,handle_missing_values
rectify text errors in dataframe,correct_spelling
clean outlier entries from the data,detect_outliers
generate feature variables for analysis,feature_engineering
extract useful features for predicting category,feature_selection
drop outlier records,detect_outliers
harmonize data to common format across columns,standardize_data
choose useful features with statistical tests,feature_selection
translate string variables,encode_categorical
discard repeated rows,remove_duplicates
convert numeric variables with z-score,scale_numerical
impute null values in data,handle_missing_values
get rid of and find extreme data points,detect_outliers
adjust field types,fix_data_types
scale numeric variables,scale_numerical
apply to numeric to categorical features,encode_categorical
construct custom features for analysis,feature_engineering
clean duplicate observations from data,remove_duplicates
fill missing values with median,handle_missing_values
harmonize all date formats,standardize_data
address inconsistent data from data,remove_inconsistencies
engineer additional features,feature_engineering
what about football,unknown_intent
encode category columns to numeric,encode_categorical
impute undefined values via mean imputation,handle_missing_values
remove irregular data in the dataset,remove_inconsistencies
correct text incorrect spellings,correct_spelling
using transformations to engineer new attributes,feature_engineering
fix all inconsistencies,remove_inconsistencies
with median for undefined values,handle_missing_values
delete outlier entries from income,detect_outliers
i want to watch the bathroom,unknown_intent
time to paint,unknown_intent
i like to read,unknown_intent
with z-score to delete anomalies,detect_outliers
duplicate records should be deduplicate,remove_duplicates
eliminate duplicate entries from dataset,remove_duplicates
deal with conflicting values in amount column,remove_inconsistencies
fix type definitions to int,fix_data_types
convert categorical features,encode_categorical
convert data formats to date,fix_data_types
using standard deviation to exclude extreme data points,detect_outliers
extract best 20 significant features related to price,feature_selection
fix text mistakes in amount column,correct_spelling
mismatches should be correct,remove_inconsistencies
delete outlier records using DBSCAN,detect_outliers
where is the table,unknown_intent
amend spelling errors,correct_spelling
handle contradictions in column date,remove_inconsistencies
preserve extreme points,keep_outliers
using standard deviation to find outliers,detect_outliers
find outliers using 3-sigma rule across all features,detect_outliers
cast types to category,fix_data_types
address data mismatches,remove_inconsistencies
transform numeric columns in score column,scale_numerical
filter duplicate rows by column customer_id,remove_duplicates
remove irregular entries in age column,remove_inconsistencies
can you cook my teeth,unknown_intent
identical rows should be get rid of,remove_duplicates
filter out anomalies in the dataset,detect_outliers
remove outlier records across all features,detect_outliers
engineer custom additional features,feature_engineering
drop repeated entries,remove_duplicates
eliminate identical rows based on score,remove_duplicates
correct datatypes in the dataset,fix_data_types
inconsistent data should be correct,remove_inconsistencies
find all extreme points,detect_outliers
deal with all inconsistent values,remove_inconsistencies
format formats using standards in dataframe,standardize_data
mop for me,unknown_intent
misspellings should be rectify,correct_spelling
adjust typographical errors,correct_spelling
standardize text spelling mistakes,correct_spelling
by percentile to delete anomalies,detect_outliers
apply using normalization to continuous variables,scale_numerical
modify datatypes across columns,fix_data_types
design features using transformations for the model,feature_engineering
resolve data conflicts from data,remove_inconsistencies
transform numeric columns using MinMax,scale_numerical
change type definitions to float across columns,fix_data_types
ensure correct types,fix_data_types
transform type definitions to boolean,fix_data_types
adjust numerical values for all numeric columns,scale_numerical
extreme values must be save,keep_outliers
where is the cat,unknown_intent
pick relevant best attributes for target column: category,feature_selection
detect extreme observations in score column,detect_outliers
i need to drive,unknown_intent
apply using max-abs scaling to continuous features,scale_numerical
delete all outlier records,detect_outliers
dust,unknown_intent
unusual values should be preserve,keep_outliers
address data inconsistencies in categories,remove_inconsistencies
data conflicts should be remove,remove_inconsistencies
align values using template in column age,standardize_data
with filter method to pick top predictors,feature_selection
extract relevant top predictors based on score,feature_selection
deal with conflicting values from the data,remove_inconsistencies
fly the office,unknown_intent
using IQR to filter out extreme data points,detect_outliers
missing data should be deal with,handle_missing_values
pick useful features that predict user_id,feature_selection
change text features to numeric,encode_categorical
detect and detect unusual values,detect_outliers
address data conflicts in dataframe,remove_inconsistencies
normalize categories across columns,standardize_data
missing cells should be treat,handle_missing_values
filter out outlier rows by statistical method,detect_outliers
please dance the news,unknown_intent
encode categorical columns using label encoding in column score,encode_categorical
scale all numerical features,scale_numerical
build additional features with aggregations,feature_engineering
fix null values by forward fill across all columns,handle_missing_values
identify relevant features with target column id for training,feature_selection
detect and eliminate outlier rows,detect_outliers
find anomalies using DBSCAN,detect_outliers
maintain anomalous data,keep_outliers
convert numerical values,scale_numerical
anomalies must be maintain,keep_outliers
structure naming conventions to consistent format,standardize_data
design features using polynomial features,feature_engineering
address undefined values in data,handle_missing_values
apply to dummy variables to non-numeric columns,encode_categorical
retain anomalies for study,keep_outliers
apply to numerical values to categorical data,encode_categorical
find outlier rows using DBSCAN across all features,detect_outliers
don't don't remove abnormal data,keep_outliers
clean inconsistencies from data,remove_inconsistencies
retain extreme values,keep_outliers
structure categories,standardize_data
address inconsistent data in formats,remove_inconsistencies
pick best attributes by variance,feature_selection
don't retain extreme values,keep_outliers
normalize values to uniform format,standardize_data
standardize labels in dataframe,standardize_data
harmonize categories,standardize_data
why is a picture,unknown_intent
with binary encoding for categorical columns,encode_categorical
apply using min-max scaling to numerical values,scale_numerical
get rid of all duplicate observations,remove_duplicates
generate engineered features for better accuracy,feature_engineering
filter all repeated entries,remove_duplicates
replace null values,handle_missing_values
clean redundant rows by column amount,remove_duplicates
transform categorical variables with frequency encoding,encode_categorical
delete outliers using 3-sigma rule,detect_outliers
change data types to int for all columns,fix_data_types
encode string variables to integers,encode_categorical
using label encoding for categorical variables,encode_categorical
resolve data conflicting values,remove_inconsistencies
build derived features by interaction to improve performance,feature_engineering
clean conflicting values in dataframe,remove_inconsistencies
remove inconsistencies from the data,remove_inconsistencies
identify important features with salary as target,feature_selection
normalize all date formats,standardize_data
from existing columns to develop additional features,feature_engineering
create engineered features to improve performance,feature_engineering
detect anomalies with z-score,detect_outliers
harmonize naming conventions to consistent format,standardize_data
transform categories to numeric for price,encode_categorical
address inconsistencies in the dataset,remove_inconsistencies
clean all incorrect spellings,correct_spelling
adjust numeric variables using normalization across all features,scale_numerical
repeated records should be remove,remove_duplicates
perform feature selection target: age,feature_selection
standardize numeric features using MinMax in dataframe,scale_numerical
from the data clean identical rows,remove_duplicates
turn category columns in column amount,encode_categorical
datatypes should be fix,fix_data_types
convert string categories in column category,encode_categorical
typos should be rectify,correct_spelling
unusual values must be maintain,keep_outliers
derive new features for modeling,feature_engineering
design new features by mathematical operations for modeling,feature_engineering
handle conflicting entries in naming,remove_inconsistencies
make consistent text,standardize_data
using age filter identical rows,remove_duplicates
please bake,unknown_intent
apply to integers to categorical data,encode_categorical
with frequency encoding for text features,encode_categorical
by forward fill for nulls,handle_missing_values
derive custom feature columns,feature_engineering
cast column types to date in the dataset,fix_data_types
rescale numerical data using normalization,scale_numerical
amend text errors in dataframe,correct_spelling
identify extreme observations,detect_outliers
modify field types to float in the dataset,fix_data_types
drop duplicate entries from data,remove_duplicates
convert column types to datetime,fix_data_types
impute missing entries by mode in dataframe,handle_missing_values
harmonize text,standardize_data
identify outliers with MAD method,detect_outliers
irregular data should be deal with,remove_inconsistencies
standardize spelling mistakes in the dataset,correct_spelling
find extreme data points using standard deviation in id column,detect_outliers
identify and remove anomalous data,detect_outliers
scale numerical data across all features,scale_numerical
keep outliers for review,keep_outliers
remove all repeated records,remove_duplicates
rectify all text mistakes,correct_spelling
adjust numerical values using MinMax,scale_numerical
fix incorrect spellings,correct_spelling
don't retain outlier records,keep_outliers
what is water,unknown_intent
drop outlier rows in customer_id column,detect_outliers
determine most important features target column: age,feature_selection
repeated records should be drop,remove_duplicates
preserve all extreme points,keep_outliers
handle irregular entries in categories,remove_inconsistencies
leave abnormal data,keep_outliers
delete duplicate records based on name,remove_duplicates
structure labels,standardize_data
normalize continuous variables,scale_numerical
variable types should be convert,fix_data_types
translate categorical variables to integers,encode_categorical
by statistical method to discard unusual values,detect_outliers
structure labels to common format,standardize_data
fix spelling mistakes in data,correct_spelling
correct spelling in text columns,correct_spelling
replace missing entries in data,handle_missing_values
translate categorical data in the dataset,encode_categorical
delete anomalies with isolation forest,detect_outliers
run feature selection top-k method,feature_selection
turn categories using target encoding,encode_categorical
get rid of duplicate rows using salary,remove_duplicates
eliminate duplicate records from the data,remove_duplicates
clean duplicate entries in dataframe,remove_duplicates
what is the car,unknown_intent
pick best attributes related to name,feature_selection
using boxplot method to delete abnormal data,detect_outliers
treat NA values,handle_missing_values
discard all duplicates,remove_duplicates
clean conflicting values,remove_inconsistencies
find top predictors based on salary,feature_selection
choose key features by RFE target: id,feature_selection
with isolation forest to drop extreme observations,detect_outliers
engineer new attributes by combining features,feature_engineering
find outlier rows from the data,detect_outliers
correct text errors in string columns,correct_spelling
convert field types,fix_data_types
unusual values must be don't remove,keep_outliers
fix contradictions in categories,remove_inconsistencies
exclude outlier rows,detect_outliers
format all text,standardize_data
duplicate observations should be discard,remove_duplicates
address blank entries,handle_missing_values
update type definitions in dataframe,fix_data_types
unusual values should be retain,keep_outliers
exclude and delete extreme observations,detect_outliers
scale numeric data using max-abs scaling,scale_numerical
adjust quantitative variables to unit variance,scale_numerical
fix spelling in data,correct_spelling
using ordinal encoding for string variables,encode_categorical
apply with z-score to numerical features,scale_numerical
how does my homework work,unknown_intent
apply with binary encoding to categorical features,encode_categorical
filter out anomalies from dataframe,detect_outliers
adjust spelling in column price,correct_spelling
get best features for prediction of amount,feature_selection
identify anomalies from rating,detect_outliers
fill missing data via mean imputation in numeric columns,handle_missing_values
standardize typographical errors in dataframe,correct_spelling
treat empty cells using mode in the data,handle_missing_values
to numeric for text columns,encode_categorical
transform numeric columns using normalization,scale_numerical
save all abnormal data,keep_outliers
remove data inconsistent data,remove_inconsistencies
encode categories in the dataset,encode_categorical
address inconsistencies in categories,remove_inconsistencies
get attributes with statistical tests,feature_selection
clean typographical errors in column category,correct_spelling
repair typos in age column,correct_spelling
standardize numerical values using max-abs scaling,scale_numerical
convert continuous variables in dataframe,scale_numerical
fix text misspellings,correct_spelling
map text columns with binary encoding in dataframe,encode_categorical
retain anomalous data for analysis,keep_outliers
remove duplicate records from data,remove_duplicates
conflicting values should be eliminate,remove_inconsistencies
deal with missing cells with median value across all columns,handle_missing_values
regularize naming conventions in all columns,standardize_data
draw the table,unknown_intent
process NA values,handle_missing_values
please steam,unknown_intent
normalize entries to consistent format in column customer_id,standardize_data
apply with one-hot encoding to string categories,encode_categorical
apply to unit variance to numeric variables,scale_numerical
using DBSCAN to remove outliers,detect_outliers
correct irregular data in column id,remove_inconsistencies
rescale numerical values to unit variance,scale_numerical
in the table filter duplicate rows,remove_duplicates
design new features using polynomial features,feature_engineering
rectify typos,correct_spelling
apply using ordinal encoding to categorical columns,encode_categorical
get rid of abnormal data from dataframe,detect_outliers
convert column formats in dataframe,fix_data_types
exclude unusual values,detect_outliers
replace missing data across all columns,handle_missing_values
resolve all conflicting entries,remove_inconsistencies
don't delete unusual values,keep_outliers
what about my room,unknown_intent
fix typos in column user_id,correct_spelling
pick top features for target name for modeling,feature_selection
filter out all anomalies,detect_outliers
clean data conflicts,remove_inconsistencies
inconsistent data should be clean,remove_inconsistencies
manage all null values,handle_missing_values
amend text errors,correct_spelling
repair all text errors,correct_spelling
using wrapper method to determine best features,feature_selection
draw the football,unknown_intent
get best attributes by variance for the model,feature_selection
cast field types across columns,fix_data_types
leave extreme points for analysis,keep_outliers
clean outliers using DBSCAN in rating column,detect_outliers
please drink the cat,unknown_intent
keep all extreme points,keep_outliers
spelling should be adjust,correct_spelling
cast field types in column age,fix_data_types
filter out extreme values in numeric columns,detect_outliers
using label encoding for categorical data,encode_categorical
can you walk the window,unknown_intent
standardize numeric features with z-score,scale_numerical
unify formats by convention in dataframe,standardize_data
get rid of and eliminate outlier records,detect_outliers
delete duplicate observations,remove_duplicates
pick top 5 best attributes,feature_selection
adjust all text mistakes,correct_spelling
clean anomalies with z-score,detect_outliers
amend all spelling,correct_spelling
fix contradictions in formats,remove_inconsistencies
process missing cells in data,handle_missing_values
adjust spelling in name column,correct_spelling
listen for me please,unknown_intent
handle data conflicts in categories,remove_inconsistencies
treat missing values using mean value from customer_id,handle_missing_values
standardize entries,standardize_data
with robust scaling for numerical features,scale_numerical
set variable types,fix_data_types
impute empty cells in data,handle_missing_values
how does a movie work,unknown_intent
how does my car work,unknown_intent
clean data discrepancies,remove_inconsistencies
address discrepancies in date formats,remove_inconsistencies
i want to bake,unknown_intent
change categories,encode_categorical
based on score drop repeated rows,remove_duplicates
eat a text,unknown_intent
convert quantitative variables with standard scaling in column salary,scale_numerical
clean typographical errors,correct_spelling
deal with empty cells across all columns,handle_missing_values
deal with nulls by dropping rows for column salary,handle_missing_values
clean inconsistent values in formats,remove_inconsistencies
leave outlier rows,keep_outliers
generate feature columns by combining features,feature_engineering
correct conflicting values from the data,remove_inconsistencies
clean conflicting values in naming,remove_inconsistencies
handle nulls in data,handle_missing_values
field types should be modify,fix_data_types
i need to mix,unknown_intent
adjust data formats in the dataset,fix_data_types
how does my nails work,unknown_intent
translate string variables to dummy variables,encode_categorical
clean all spelling mistakes,correct_spelling
fix irregular data in formats,remove_inconsistencies
retain all extreme points,keep_outliers
fill blank entries in data,handle_missing_values
rectify text typographical errors,correct_spelling
standardize continuous variables in dataframe,scale_numerical
data conflicts should be clean,remove_inconsistencies
spelling should be rectify,correct_spelling
convert numerical features,scale_numerical
normalize numerical data,scale_numerical
discard anomalous data with MAD method,detect_outliers
manage missing values,handle_missing_values
outliers must be don't remove,keep_outliers
adjust numeric features with StandardScaler,scale_numerical
apply to integers to text columns,encode_categorical
get rid of duplicate records in the table,remove_duplicates
fill all undefined values,handle_missing_values
missing cells should be handle,handle_missing_values
clean text mistakes in age column,correct_spelling
eliminate inconsistent values,remove_inconsistencies
in the table remove duplicate rows,remove_duplicates
discard extreme values across all features,detect_outliers
using score deduplicate duplicate rows,remove_duplicates
make consistent fields,standardize_data
align all values,standardize_data
identify key features for prediction of name,feature_selection
normalize numerical data in column income,scale_numerical
rectify typographical errors in the dataset,correct_spelling
retain outliers for investigation,keep_outliers
develop new attributes for prediction,feature_engineering
perform feature selection target column: price,feature_selection
address missing cells with median in the dataset,handle_missing_values
preserve all anomalous data,keep_outliers
map text columns for income,encode_categorical
adjust numeric data in the dataset,scale_numerical
fill blank entries by dropping rows for column date,handle_missing_values
fix text errors in data,correct_spelling
unify all entries,standardize_data
fix datatypes to category in age column,fix_data_types
unify all naming conventions,standardize_data
find top predictors by correlation for ML,feature_selection
deal with conflicting values in formats,remove_inconsistencies
don't remove abnormal data for analysis,keep_outliers
show me the house,unknown_intent
convert numerical values to 0-1 range across all features,scale_numerical
address all data conflicts,remove_inconsistencies
create new features,feature_engineering
normalize naming conventions across dataset in column rating,standardize_data
variable types should be set,fix_data_types
find top predictors with filter method,feature_selection
derive additional features with feature crosses,feature_engineering
from data deduplicate repeated entries,remove_duplicates
select features top-k method for regression,feature_selection
empty cells should be deal with,handle_missing_values
exclude outliers using 3-sigma rule in numeric columns,detect_outliers
typographical errors should be adjust,correct_spelling
standardize naming conventions,standardize_data
please mix my shoes,unknown_intent
encode categorical data to integers in dataframe,encode_categorical
adjust spelling in string columns,correct_spelling
scale numerical data,scale_numerical
drop identical rows from data,remove_duplicates
standardize values to common format,standardize_data
engineer feature columns with aggregations,feature_engineering
handle missing entries in data,handle_missing_values
map text features in years_experience column,encode_categorical
fix data conflicts in values,remove_inconsistencies
turn text features to dummy variables,encode_categorical
with median for missing data,handle_missing_values
transform numeric columns with z-score in the dataset,scale_numerical
tell me about a message,unknown_intent
get top predictors,feature_selection
modify type definitions,fix_data_types
convert all text columns,encode_categorical
treat undefined values using mean value in numeric columns,handle_missing_values
turn string categories,encode_categorical
identify attributes with statistical tests,feature_selection
maintain outlier records for further analysis,keep_outliers
fix types to numeric for amount,fix_data_types
maintain extreme points for study,keep_outliers
replace undefined values via mean imputation in the dataset,handle_missing_values
to unit variance for continuous variables,scale_numerical
extract relevant features for modeling,feature_selection
unify columns to uniform format in column years_experience,standardize_data
choose best features that predict amount,feature_selection
column types should be update,fix_data_types
fix datatypes to category,fix_data_types
clean mismatches in column rating,remove_inconsistencies
get top features with income as target,feature_selection
normalize text by convention in dataframe,standardize_data
adjust text errors in dataframe,correct_spelling
encode categorical data to numerical values in dataframe,encode_categorical
determine significant features related to date,feature_selection
select top predictors,feature_selection
align naming conventions in the dataset,standardize_data
don't delete extreme values,keep_outliers
please paint the bed,unknown_intent
create derived features using transformations for analysis,feature_engineering
drive the a movie,unknown_intent
convert numerical data using max-abs scaling in the dataset,scale_numerical
don't save outlier records,keep_outliers
using domain knowledge to create feature columns,feature_engineering
organize for me,unknown_intent
repeated entries should be get rid of,remove_duplicates
build additional features to improve performance,feature_engineering
correct types,fix_data_types
format categories in all columns,standardize_data
standardize text to uniform format,standardize_data
cut for me,unknown_intent
make consistent entries by convention,standardize_data
eliminate data inconsistent values,remove_inconsistencies
remove repeated records in dataframe,remove_duplicates
exclude outlier entries with z-score in score column,detect_outliers
repair text misspellings,correct_spelling
don't delete unusual values for investigation,keep_outliers
remove extreme values in numeric columns,detect_outliers
update field types to category,fix_data_types
address inconsistencies in date formats,remove_inconsistencies
repair all spelling errors,correct_spelling
update type definitions in the dataset,fix_data_types
apply with frequency encoding to string categories,encode_categorical
discard extreme observations,detect_outliers
amend text mistakes in dataframe,correct_spelling
filter out unusual values across all features,detect_outliers
find anomalies using DBSCAN in id column,detect_outliers
standardize all numerical data,scale_numerical
standardize typographical errors,correct_spelling
treat all null values,handle_missing_values
unify formats,standardize_data
address inconsistencies from the data,remove_inconsistencies
identify attributes predicting age for analysis,feature_selection
walk today,unknown_intent
anomalies must be keep,keep_outliers
scale numerical values,scale_numerical
by interaction to extract feature columns,feature_engineering
by interaction to engineer new features,feature_engineering
how to fry,unknown_intent
correct data types to integer,fix_data_types
modify data types to float,fix_data_types
treat empty cells via mean imputation,handle_missing_values
apply with frequency encoding to string variables,encode_categorical
what about the garden,unknown_intent
amend text spelling mistakes,correct_spelling
remove extreme values in column category,detect_outliers
ensure correct datatypes,fix_data_types
data types should be set,fix_data_types
design custom features with aggregations,feature_engineering
treat all missing data,handle_missing_values
repair text mistakes,correct_spelling
convert datatypes,fix_data_types
clean repeated entries considering years_experience,remove_duplicates
keep anomalous data untouched,keep_outliers
regularize entries to consistent format,standardize_data
normalize data,standardize_data
clean spelling errors in column amount,correct_spelling
fix datatypes to integer,fix_data_types
standardize categories by convention in column price,standardize_data
using boxplot method to clean extreme points,detect_outliers
modify variable types in column rating,fix_data_types
apply with frequency encoding to categorical columns,encode_categorical
climb for me,unknown_intent
rescale numeric variables using min-max scaling,scale_numerical
normalize numerical features using normalization in the dataset,scale_numerical
convert column formats to string in column id,fix_data_types
detect and detect anomalous data,detect_outliers
i want to organize tennis,unknown_intent
modify variable types for all columns,fix_data_types
replace NA values by dropping rows,handle_missing_values
please sell a book,unknown_intent
align naming conventions using standards across columns,standardize_data
by interaction to create new features,feature_engineering
change categorical data using label encoding,encode_categorical
extract significant features for predicting customer_id,feature_selection
turn category columns,encode_categorical
set variable types across columns,fix_data_types
clean all extreme observations,detect_outliers
drop outlier rows in column salary,detect_outliers
with feature crosses to design engineered features,feature_engineering
convert categorical variables using label encoding for date,encode_categorical
get rid of all extreme observations,detect_outliers
convert datatypes for all columns,fix_data_types
duplicate data should be eliminate,remove_duplicates
rescale numerical features across all features,scale_numerical
correct spelling errors in column user_id,correct_spelling
using price deduplicate duplicate observations,remove_duplicates
convert numeric features in price column,scale_numerical
manage missing entries in data,handle_missing_values
resolve data conflicts in salary column,remove_inconsistencies
standardize spelling errors,correct_spelling
remove extreme data points using standard deviation,detect_outliers
cast column formats to object in dataframe,fix_data_types
scale quantitative variables in column category,scale_numerical
standardize formats in all columns,standardize_data
eliminate abnormal data using DBSCAN,detect_outliers
i want to dance,unknown_intent
apply using label encoding to categorical columns,encode_categorical
run feature selection by RFE,feature_selection
standardize columns to uniform format,standardize_data
standardize all numeric columns,scale_numerical
build derived features for modeling,feature_engineering
by interaction to design feature columns,feature_engineering
rescale all numeric variables,scale_numerical
handle all inconsistent data,remove_inconsistencies
regularize values to common format,standardize_data
drop duplicate observations from the data,remove_duplicates
standardize all misspellings,correct_spelling
structure all text,standardize_data
apply with StandardScaler to numerical values,scale_numerical
design new attributes by binning,feature_engineering
format all formats,standardize_data
play the my shoes,unknown_intent
using max-abs scaling for numeric variables,scale_numerical
conflicting entries should be handle,remove_inconsistencies
extract custom additional features,feature_engineering
sleep for me,unknown_intent
apply with StandardScaler to numerical data,scale_numerical
deal with empty entries with constant value,handle_missing_values
generate features for the model,feature_engineering
generate derived features using domain knowledge to improve performance,feature_engineering
discard extreme points,detect_outliers
where is wine,unknown_intent
scale quantitative variables using min-max scaling,scale_numerical
standardize text mistakes across all text,correct_spelling
address data inconsistent values,remove_inconsistencies
manage empty cells in data,handle_missing_values
anomalies should be save,keep_outliers
address conflicting entries,remove_inconsistencies
perform feature selection predicting amount,feature_selection
adjust numeric variables,scale_numerical
standardize data to common format in all columns,standardize_data
adjust text spelling mistakes,correct_spelling
get rid of redundant rows by column income,remove_duplicates
develop derived features,feature_engineering
pick relevant features for predicting rating,feature_selection
change datatypes to date,fix_data_types
don't keep extreme values,keep_outliers
get rid of duplicates,remove_duplicates
cast data formats to string,fix_data_types
change data types in the dataset,fix_data_types
get top 5 useful features,feature_selection
from dataset filter duplicate records,remove_duplicates
resolve discrepancies from the data,remove_inconsistencies
cast field types to float for all columns,fix_data_types
set column formats to datetime in dataframe,fix_data_types
clean discrepancies in column score,remove_inconsistencies
build custom engineered features,feature_engineering
with z-score for numerical data,scale_numerical
convert data formats in column price,fix_data_types
drop outlier records by percentile,detect_outliers
update type definitions,fix_data_types
extract feature columns using transformations,feature_engineering
manage NA values across all columns,handle_missing_values
handle contradictions,remove_inconsistencies
pick top predictors for training,feature_selection
rectify misspellings in name column,correct_spelling
clean irregular entries across columns,remove_inconsistencies
find top features for prediction of amount,feature_selection
find all extreme data points,detect_outliers
by column age drop identical rows,remove_duplicates
filter out unusual values using standard deviation across all features,detect_outliers
correct types to category in customer_id column,fix_data_types
what about wine,unknown_intent
change categorical data to integers,encode_categorical
construct new attributes by mathematical operations,feature_engineering
turn string categories with one-hot encoding in price column,encode_categorical
impute NaNs in data,handle_missing_values
encode text features in date column,encode_categorical
by backward fill for empty entries,handle_missing_values
remove outlier rows with isolation forest in numeric columns,detect_outliers
apply make consistent to entries,standardize_data
fix field types to string,fix_data_types
normalize numerical values across all features,scale_numerical
tell me about lunch,unknown_intent
fix data types to categorical across columns,fix_data_types
correct misspellings,correct_spelling
map all categorical features,encode_categorical
in the table remove repeated rows,remove_duplicates
discard extreme values,detect_outliers
i like to play,unknown_intent
pick important features for predicting name,feature_selection
by backward fill for nulls,handle_missing_values
rectify spelling errors in the dataset,correct_spelling
irregular entries should be remove,remove_inconsistencies
determine predictors for target id,feature_selection
with one-hot encoding for categorical data,encode_categorical
convert numerical features in dataframe,scale_numerical
by mathematical operations to develop feature variables,feature_engineering
modify data types to datetime for all columns,fix_data_types
extract feature columns from existing columns to improve performance,feature_engineering
find best attributes that predict price,feature_selection
i need to clean,unknown_intent
select significant features related to date,feature_selection
eliminate identical rows,remove_duplicates
standardize data to common format,standardize_data
clean duplicate rows from the data,remove_duplicates
identify important features for predicting years_experience,feature_selection
map text features to numeric for customer_id,encode_categorical
adjust continuous features with StandardScaler for all numeric columns,scale_numerical
to numeric for string variables,encode_categorical
get rid of extreme data points from the data,detect_outliers
cast type definitions,fix_data_types
anomalous data must be preserve,keep_outliers
select top 10 key features,feature_selection
encode text columns for score,encode_categorical
manage nulls in data,handle_missing_values
filter out and discard outlier entries,detect_outliers
don't save outlier rows,keep_outliers
address missing values across all columns,handle_missing_values
apply using target encoding to category columns,encode_categorical
maintain outliers,keep_outliers
run feature selection using wrapper method for target rating,feature_selection
listen,unknown_intent
delete duplicate entries,remove_duplicates
transform variable types in the dataset,fix_data_types
text mistakes should be standardize,correct_spelling
encode category columns,encode_categorical
address conflicting values in categories,remove_inconsistencies
format naming conventions,standardize_data
deduplicate duplicates based on name,remove_duplicates
clean text errors,correct_spelling
where is my homework,unknown_intent
modify variable types for date,fix_data_types
outlier rows should be save,keep_outliers
turn category columns to dummy variables in years_experience column,encode_categorical
determine best features target=id,feature_selection
remove anomalous data using standard deviation in numeric columns,detect_outliers
translate text features to integers,encode_categorical
regularize all formats,standardize_data
using MinMax for quantitative variables,scale_numerical
irregular entries should be deal with,remove_inconsistencies
eliminate conflicting entries,remove_inconsistencies
align date formats,standardize_data
don't remove unusual values unchanged,keep_outliers
clean repeated entries by column user_id,remove_duplicates
turn text features with one-hot encoding in column user_id,encode_categorical
change categories in column rating,encode_categorical
apply with one-hot encoding to text columns,encode_categorical
extreme points should be don't delete,keep_outliers
i want to drink a book,unknown_intent
spelling errors should be rectify,correct_spelling
extract key features that predict id,feature_selection
with interpolation for NA values,handle_missing_values
determine relevant best attributes based on user_id,feature_selection
standardize fields to common format,standardize_data
preserve extreme values untouched,keep_outliers
develop feature columns using transformations,feature_engineering
with isolation forest to delete abnormal data,detect_outliers
clean irregular data in naming,remove_inconsistencies
tell me about the office,unknown_intent
pick best attributes for predicting user_id,feature_selection
fix type definitions to numeric,fix_data_types
rescale numeric variables to 0-1 range,scale_numerical
find best attributes for predicting rating,feature_selection
wash the breakfast,unknown_intent
perform feature selection related to customer_id,feature_selection
transform all continuous features,scale_numerical
eliminate contradictions from the data,remove_inconsistencies
by dropping rows for missing cells,handle_missing_values
eliminate repeated rows from data,remove_duplicates
adjust all misspellings,correct_spelling
construct new features using transformations,feature_engineering
create feature columns,feature_engineering
clean spelling,correct_spelling
identical rows should be eliminate,remove_duplicates
extreme points should be leave,keep_outliers
inconsistencies should be eliminate,remove_inconsistencies
change datatypes in the dataset,fix_data_types
show me my face,unknown_intent
run feature selection by embedded method using salary as target,feature_selection
drop all duplicate entries,remove_duplicates
why is the office,unknown_intent
extract new features,feature_engineering
turn text columns to numerical values in the dataset,encode_categorical
keep unusual values in dataset,keep_outliers
deal with NA values with ffill in dataframe,handle_missing_values
duplicate entries should be delete,remove_duplicates
conflicting values should be correct,remove_inconsistencies
by mathematical operations to construct new attributes,feature_engineering
change text columns,encode_categorical
convert text columns to numerical values,encode_categorical
duplicate observations should be clean,remove_duplicates
handle undefined values with constant value,handle_missing_values
develop derived features for modeling,feature_engineering
convert text features,encode_categorical
harmonize formats to common format in all columns,standardize_data
discard extreme values using DBSCAN,detect_outliers
clean contradictions in column income,remove_inconsistencies
convert all string categories,encode_categorical
standardize incorrect spellings in the dataset,correct_spelling
clean all duplicates,remove_duplicates
considering customer_id deduplicate repeated rows,remove_duplicates
eliminate all duplicate entries,remove_duplicates
adjust text text errors,correct_spelling
align values,standardize_data
extract derived features,feature_engineering
format entries,standardize_data
standardize text typographical errors,correct_spelling
harmonize all values,standardize_data
process all missing data,handle_missing_values
by statistical method to clean extreme values,detect_outliers
develop derived features by mathematical operations for ML,feature_engineering
don't retain anomalies,keep_outliers
identify relevant best attributes for target salary,feature_selection
by statistical method to detect outliers,detect_outliers
clean spelling errors in age column,correct_spelling
transform numeric features using max-abs scaling,scale_numerical
run feature selection by RFE based on customer_id,feature_selection
select important features by embedded method for prediction,feature_selection
treat missing cells in column income,handle_missing_values
exclude abnormal data,detect_outliers
manage blank entries,handle_missing_values
fix misspellings in column id,correct_spelling
fill missing cells with interpolation across all columns,handle_missing_values
blank entries should be manage,handle_missing_values
convert numerical data using max-abs scaling in name column,scale_numerical
remove all abnormal data,detect_outliers
find relevant important features related to column amount,feature_selection
spelling mistakes should be amend,correct_spelling
keep extreme values,keep_outliers
identify useful features for target name,feature_selection
address missing entries via mean imputation in numeric columns,handle_missing_values
engineer engineered features,feature_engineering
unusual values should be keep,keep_outliers
identify top features for prediction of age,feature_selection
eliminate contradictions,remove_inconsistencies
map string categories using label encoding,encode_categorical
clean contradictions in name column,remove_inconsistencies
correct dtypes across columns,fix_data_types
run feature selection by embedded method,feature_selection
get rid of all duplicate records,remove_duplicates
time to roast,unknown_intent
change categorical features in the dataset,encode_categorical
pick significant features,feature_selection
develop custom features from existing columns,feature_engineering
maintain abnormal data unchanged,keep_outliers
correct data formats across columns,fix_data_types
remove all irregular data,remove_inconsistencies
where is my nails,unknown_intent
turn categorical data,encode_categorical
drop all duplicate rows,remove_duplicates
resolve data inconsistencies,remove_inconsistencies
from dataset remove repeated records,remove_duplicates
apply using min-max scaling to numeric columns,scale_numerical
identify useful features by variance,feature_selection
show me a shower,unknown_intent
turn text columns using target encoding in column name,encode_categorical
fix typos,correct_spelling
normalize all columns,standardize_data
leave abnormal data for review,keep_outliers
amend typographical errors,correct_spelling
change categorical variables to dummy variables,encode_categorical
preserve anomalous data,keep_outliers
design custom custom features,feature_engineering
replace empty cells by backward fill,handle_missing_values
replace nulls in data,handle_missing_values
clean duplicate entries from dataset,remove_duplicates
correct types for amount,fix_data_types
handle data conflicts,remove_inconsistencies
harmonize data,standardize_data
deal with undefined values with median,handle_missing_values
apply with standard scaling to numeric columns,scale_numerical
retain all outlier rows,keep_outliers
using years_experience deduplicate duplicate data,remove_duplicates
build derived features for prediction,feature_engineering
extract new attributes by combining features for better accuracy,feature_engineering
convert categorical data using target encoding in the dataset,encode_categorical
standardize values in dataframe,standardize_data
stir my nails,unknown_intent
adjust types for all columns,fix_data_types
using domain knowledge to generate additional features,feature_engineering
type definitions should be adjust,fix_data_types
construct custom feature columns,feature_engineering
extract best attributes,feature_selection
with z-score to drop anomalies,detect_outliers
clean redundant rows from data,remove_duplicates
convert continuous features to 0-1 range in dataframe,scale_numerical
convert all numerical data,scale_numerical
apply standardize to categories,standardize_data
rescale all numerical values,scale_numerical
structure formats by convention,standardize_data
treat all empty entries,handle_missing_values
convert data types to date,fix_data_types
transform non-numeric columns,encode_categorical
repair typographical errors in column income,correct_spelling
normalize columns by convention,standardize_data
clean outlier records with MAD method from income,detect_outliers
apply normalize to fields,standardize_data
fill all nulls,handle_missing_values
delete extreme values in column amount,detect_outliers
address null values with interpolation,handle_missing_values
identify important features top-k method for the model,feature_selection
anomalies should be retain,keep_outliers
format formats,standardize_data
convert text columns for income,encode_categorical
normalize continuous features,scale_numerical
scale continuous variables,scale_numerical
misspellings should be standardize,correct_spelling
fix data inconsistent data,remove_inconsistencies
fix text incorrect spellings,correct_spelling
determine key features,feature_selection
text mistakes should be correct,correct_spelling
standardize numeric features using MinMax across all features,scale_numerical
transform all string categories,encode_categorical
apply to numeric to categorical variables,encode_categorical
standardize numerical values in amount column,scale_numerical
apply to integers to string variables,encode_categorical
remove duplicates,remove_duplicates
adjust numerical data in the dataset,scale_numerical
deduplicate identical rows based on score,remove_duplicates
with aggregations to build feature columns,feature_engineering
update data formats,fix_data_types
transform text features in the dataset,encode_categorical
using standard deviation to drop anomalous data,detect_outliers
develop new features by mathematical operations for analysis,feature_engineering
clean irregular data in years_experience column,remove_inconsistencies
what about a picture,unknown_intent
harmonize date formats across dataset across columns,standardize_data
construct derived features,feature_engineering
by mathematical operations to construct custom features,feature_engineering
convert datatypes in the dataset,fix_data_types
rectify misspellings in text columns,correct_spelling
get rid of redundant rows by column years_experience,remove_duplicates
get rid of all outlier rows,detect_outliers
fix incorrect spellings in data,correct_spelling
identify all outlier rows,detect_outliers
generate derived features for ML,feature_engineering
get rid of all repeated rows,remove_duplicates
convert datatypes to object,fix_data_types
deal with missing data with interpolation,handle_missing_values
identical rows should be delete,remove_duplicates
identify predictors for analysis,feature_selection
clean typographical errors in dataframe,correct_spelling
get rid of extreme observations from the data,detect_outliers
show me tea,unknown_intent
delete all anomalous data,detect_outliers
deduplicate duplicate records by column customer_id,remove_duplicates
amend typos in the dataset,correct_spelling
correct data conflicting values,remove_inconsistencies
standardize text spelling,correct_spelling
clean contradictions in customer_id column,remove_inconsistencies
spelling errors should be correct,correct_spelling
generate feature columns,feature_engineering
identify top features,feature_selection
adjust text text mistakes,correct_spelling
column types should be change,fix_data_types
conflicting values should be remove,remove_inconsistencies
find relevant attributes target=score,feature_selection
convert continuous variables to 0-1 range for all numeric columns,scale_numerical
fix column types in the dataset,fix_data_types
address NA values in the data,handle_missing_values
apply align to categories,standardize_data
convert all non-numeric columns,encode_categorical
map all category columns,encode_categorical
transform column formats to datetime in column rating,fix_data_types
standardize all text,standardize_data
standardize categories to consistent format across columns,standardize_data
to 0-1 range for numeric data,scale_numerical
engineer feature columns by mathematical operations,feature_engineering
standardize all spelling mistakes,correct_spelling
repair typographical errors in rating column,correct_spelling
don't don't remove outlier records,keep_outliers
convert categorical variables to dummy variables,encode_categorical
align all date formats,standardize_data
change non-numeric columns using label encoding in amount column,encode_categorical
save anomalous data in dataset,keep_outliers
anomalous data must be leave,keep_outliers
where is a text,unknown_intent
translate categorical columns in score column,encode_categorical
make consistent text in the dataset,standardize_data
turn text columns in id column,encode_categorical
apply harmonize to entries,standardize_data
discrepancies should be address,remove_inconsistencies
abnormal data should be leave,keep_outliers
fix column formats to integer,fix_data_types
fix dtypes to category across columns,fix_data_types
using mutual information to determine predictors,feature_selection
align naming conventions to common format in user_id column,standardize_data
in the table deduplicate duplicate data,remove_duplicates
align categories across dataset,standardize_data
correct column types in column id,fix_data_types
fix null values with ffill,handle_missing_values
by mode for empty cells,handle_missing_values
retain outlier rows for analysis,keep_outliers
from the data clean duplicate observations,remove_duplicates
fix spelling across all text,correct_spelling
deal with inconsistencies in years_experience column,remove_inconsistencies
find outliers using boxplot method from dataframe,detect_outliers
convert text features using target encoding,encode_categorical
standardize date formats,standardize_data
drop outlier entries,detect_outliers
replace null values in age column,handle_missing_values
based on age get rid of repeated records,remove_duplicates
modify dtypes to numeric for all columns,fix_data_types
apply using ordinal encoding to category columns,encode_categorical
deduplicate all duplicate entries,remove_duplicates
time to walk,unknown_intent
watch today,unknown_intent
format formats across columns,standardize_data
generate custom additional features,feature_engineering
filter out all extreme values,detect_outliers
create custom engineered features,feature_engineering
can you jump,unknown_intent
translate all string variables,encode_categorical
transform numerical data using max-abs scaling,scale_numerical
clean misspellings in the dataset,correct_spelling
standardize columns to common format,standardize_data
choose top features with filter method,feature_selection
let us watch,unknown_intent
preserve outliers untouched,keep_outliers
eliminate duplicate observations from data,remove_duplicates
extract features using wrapper method,feature_selection
apply to numerical values to category columns,encode_categorical
make consistent date formats to uniform format,standardize_data
normalize values using template,standardize_data
address empty entries with constant value across all columns,handle_missing_values
process missing entries with interpolation,handle_missing_values
build features for prediction,feature_engineering
turn categories using ordinal encoding in dataframe,encode_categorical
duplicate data should be remove,remove_duplicates
develop new features using domain knowledge,feature_engineering
engineer derived features,feature_engineering
unify all labels,standardize_data
address data inconsistencies in date formats,remove_inconsistencies
transform numeric columns in dataframe,scale_numerical
amend spelling mistakes,correct_spelling
structure values in date column,standardize_data
transform numerical values using min-max scaling across all features,scale_numerical
manage null values in data,handle_missing_values
using ordinal encoding for text features,encode_categorical
change dtypes to date for all columns,fix_data_types
clean spelling errors in column rating,correct_spelling
based on salary get rid of duplicate rows,remove_duplicates
generate derived features by interaction for better accuracy,feature_engineering
standardize numeric features using normalization,scale_numerical
apply regularize to formats,standardize_data
drop extreme points,detect_outliers
pick features for modeling,feature_selection
fix nulls with median,handle_missing_values
filter duplicate data from dataset,remove_duplicates
from data drop duplicate observations,remove_duplicates
structure entries using template in customer_id column,standardize_data
impute nulls by forward fill,handle_missing_values
using polynomial features to build new features,feature_engineering
correct spelling in income column,correct_spelling
develop derived features by binning,feature_engineering
eliminate redundant rows based on customer_id,remove_duplicates
select significant features using wrapper method,feature_selection
detect outlier entries using standard deviation from score,detect_outliers
extract custom feature columns,feature_engineering
find important features for target column: category for modeling,feature_selection
standardize numeric features across all features,scale_numerical
normalize numerical values in the dataset,scale_numerical
clean inconsistent values across columns,remove_inconsistencies
standardize naming conventions across columns,standardize_data
repair spelling errors in text columns,correct_spelling
normalize entries to uniform format in age column,standardize_data
select best attributes relevant to income,feature_selection
drop extreme observations,detect_outliers
determine best features by correlation for income,feature_selection
generate custom features from existing columns,feature_engineering
design features for ML,feature_engineering
scale numeric data using min-max scaling,scale_numerical
don't don't remove unusual values,keep_outliers
to unit variance for numeric features,scale_numerical
repair text mistakes across all text,correct_spelling
get rid of abnormal data in age column,detect_outliers
data formats should be convert,fix_data_types
handle missing values by mode,handle_missing_values
scale numerical values with z-score,scale_numerical
get significant features by RFE for the model,feature_selection
choose top predictors for target column: category,feature_selection
retain anomalies,keep_outliers
scale numeric features,scale_numerical
process missing data in the dataset,handle_missing_values
choose most important relevant features for target column: rating,feature_selection
transform data formats in dataframe,fix_data_types
clean data conflicts in dataframe,remove_inconsistencies
save outlier records for investigation,keep_outliers
resolve mismatches,remove_inconsistencies
construct new attributes for modeling,feature_engineering
using normalization for numerical features,scale_numerical
using domain knowledge to design feature variables,feature_engineering
change column formats in column customer_id,fix_data_types
retain all abnormal data,keep_outliers
mismatches should be deal with,remove_inconsistencies
derive features for ML,feature_engineering
anomalous data must be maintain,keep_outliers
apply using max-abs scaling to numeric data,scale_numerical
drink the a letter,unknown_intent
repair text spelling mistakes,correct_spelling
fix data formats to int in age column,fix_data_types
select attributes with target column id for prediction,feature_selection
adjust text misspellings,correct_spelling
adjust numerical features,scale_numerical
make consistent entries by convention across columns,standardize_data
by column customer_id get rid of duplicates,remove_duplicates
tell me about tea,unknown_intent
sing today,unknown_intent
transform text features to integers,encode_categorical
deal with all missing values,handle_missing_values
standardize numerical data using min-max scaling in column salary,scale_numerical
standardize numeric variables using min-max scaling in salary column,scale_numerical
using boxplot method to drop outlier records,detect_outliers
exclude and drop outlier records,detect_outliers
create custom features by interaction,feature_engineering
delete duplicate data from data,remove_duplicates
retain all anomalous data,keep_outliers
clean extreme data points with MAD method,detect_outliers
standardize all spelling errors,correct_spelling
get rid of duplicate observations based on score,remove_duplicates
transform variable types,fix_data_types
drop duplicate data,remove_duplicates
don't maintain abnormal data,keep_outliers
get rid of unusual values from price,detect_outliers
align categories by convention in all columns,standardize_data
manage all missing values,handle_missing_values
build custom feature variables,feature_engineering
show me my shoes,unknown_intent
deal with data inconsistent data,remove_inconsistencies
build feature variables for modeling,feature_engineering
make consistent formats by convention,standardize_data
harmonize naming conventions to common format,standardize_data
repair typos,correct_spelling
eliminate inconsistencies in categories,remove_inconsistencies
clean misspellings in column salary,correct_spelling
remove conflicting entries,remove_inconsistencies
detect anomalies,detect_outliers
rectify text spelling,correct_spelling
translate all categorical variables,encode_categorical
apply to unit variance to continuous variables,scale_numerical
find useful features for prediction of name,feature_selection
filter repeated records based on category,remove_duplicates
adjust dtypes in dataframe,fix_data_types
set data formats in the dataset,fix_data_types
eliminate repeated records in the table,remove_duplicates
maintain extreme points intact,keep_outliers
leave anomalies as they are,keep_outliers
amend all typographical errors,correct_spelling
find outliers,detect_outliers
drop identical rows,remove_duplicates
deal with undefined values,handle_missing_values
build additional features from existing columns,feature_engineering
drop repeated rows,remove_duplicates
outlier rows should be don't delete,keep_outliers
develop new attributes with aggregations to improve performance,feature_engineering
deal with conflicting entries in salary column,remove_inconsistencies
transform categorical columns in dataframe,encode_categorical
derive new features for prediction,feature_engineering
field types should be set,fix_data_types
get rid of all duplicate data,remove_duplicates
outlier records should be retain,keep_outliers
run feature selection using chi-square target=date,feature_selection
extract top-k top features,feature_selection
build new attributes by mathematical operations for the model,feature_engineering
leave extreme values,keep_outliers
develop feature variables to improve performance,feature_engineering
normalize numeric features in column amount,scale_numerical
duplicate records should be clean,remove_duplicates
update types to int in salary column,fix_data_types
type definitions should be update,fix_data_types
pick predictors using importance for name,feature_selection
identify extreme observations using 3-sigma rule from income,detect_outliers
normalize data in dataframe,standardize_data
text mistakes should be clean,correct_spelling
detect outlier records with z-score in id column,detect_outliers
what about a shower,unknown_intent
extreme points should be don't remove,keep_outliers
please walk,unknown_intent
convert column types to date,fix_data_types
extract predictors for id for training,feature_selection
rescale numeric data in column name,scale_numerical
scale numeric columns in the dataset,scale_numerical
apply to dummy variables to string categories,encode_categorical
retain outlier rows unchanged,keep_outliers
pick best features for prediction of salary,feature_selection
don't leave anomalous data,keep_outliers
cast types for all columns,fix_data_types
remove irregular data,remove_inconsistencies
from existing columns to build additional features,feature_engineering
extract relevant features relevant to price,feature_selection
amend incorrect spellings in the dataset,correct_spelling
convert variable types to categorical,fix_data_types
make consistent entries across columns,standardize_data
impute NA values,handle_missing_values
please dance,unknown_intent
conflicting entries should be resolve,remove_inconsistencies
structure formats in column price,standardize_data
choose important features for classification,feature_selection
eliminate outlier rows,detect_outliers
in the table drop redundant rows,remove_duplicates
select relevant features,feature_selection
rectify spelling errors,correct_spelling
correct typographical errors in dataframe,correct_spelling
treat undefined values in the dataset,handle_missing_values
design engineered features for analysis,feature_engineering
show me breakfast,unknown_intent
repair typographical errors in the dataset,correct_spelling
unusual values should be leave,keep_outliers
by mathematical operations to extract custom features,feature_engineering
get rid of extreme points using boxplot method from the data,detect_outliers
address discrepancies from the data,remove_inconsistencies
normalize quantitative variables,scale_numerical
harmonize values to common format in column score,standardize_data
find key features target=date,feature_selection
apply with binary encoding to category columns,encode_categorical
generate derived features for modeling,feature_engineering
resolve conflicting values in date formats,remove_inconsistencies
correct data formats to category,fix_data_types
contradictions should be handle,remove_inconsistencies
rectify text text errors,correct_spelling
develop custom engineered features,feature_engineering
map categories in name column,encode_categorical
can you cut,unknown_intent
apply with StandardScaler to numeric data,scale_numerical
eliminate all duplicate observations,remove_duplicates
amend text mistakes,correct_spelling
keep anomalies,keep_outliers
choose top 5 features,feature_selection
select key features with filter method,feature_selection
extract top 10 key features with target column name,feature_selection
set data formats for all columns,fix_data_types
drop extreme observations by statistical method from rating,detect_outliers
select key features that predict name,feature_selection
convert field types to datetime,fix_data_types
using DBSCAN to discard extreme data points,detect_outliers
treat empty cells using linear interpolation,handle_missing_values
change column types to categorical,fix_data_types
eliminate repeated entries from data,remove_duplicates
develop additional features for modeling,feature_engineering
by percentile to discard extreme data points,detect_outliers
convert dtypes to categorical,fix_data_types
deal with data conflicts,remove_inconsistencies
delete extreme data points with MAD method,detect_outliers
process missing values using mean,handle_missing_values
process empty entries with constant value,handle_missing_values
update types to numeric for customer_id,fix_data_types
deduplicate duplicate rows from data,remove_duplicates
how to boil,unknown_intent
adjust all typos,correct_spelling
determine best 20 best attributes related to column amount,feature_selection
can you fly,unknown_intent
apply using target encoding to string categories,encode_categorical
identify anomalies using DBSCAN,detect_outliers
run feature selection with filter method predicting price,feature_selection
address mismatches,remove_inconsistencies
adjust type definitions,fix_data_types
derive new features with aggregations for modeling,feature_engineering
repair spelling errors,correct_spelling
transform categorical data to dummy variables,encode_categorical
correct spelling in the dataset,correct_spelling
don't delete all outlier rows,keep_outliers
eliminate data inconsistencies,remove_inconsistencies
using normalization for numeric variables,scale_numerical
create custom features for modeling,feature_engineering
standardize numerical features using min-max scaling in column income,scale_numerical
engineer derived features by combining features for prediction,feature_engineering
correct datatypes to string across columns,fix_data_types
determine features for target salary,feature_selection
transform numerical data for all numeric columns,scale_numerical
fix text text mistakes,correct_spelling
get rid of repeated entries from data,remove_duplicates
transform string variables with frequency encoding for id,encode_categorical
clean inconsistent data in score column,remove_inconsistencies
how to build,unknown_intent
delete duplicates from data,remove_duplicates
exclude and delete extreme values,detect_outliers
resolve all contradictions,remove_inconsistencies
find abnormal data using DBSCAN,detect_outliers
unify all columns,standardize_data
extract custom custom features,feature_engineering
process missing data with interpolation,handle_missing_values
identify top features using mutual information,feature_selection
variable types should be cast,fix_data_types
apply harmonize to fields,standardize_data
don't delete outlier records for investigation,keep_outliers
don't maintain outliers,keep_outliers
top-k method to determine important features,feature_selection
duplicate observations should be delete,remove_duplicates
apply to numerical values to categorical columns,encode_categorical
contradictions should be address,remove_inconsistencies
adjust column formats to categorical,fix_data_types
tell me about TV,unknown_intent
build new attributes from existing columns,feature_engineering
create custom features by binning for ML,feature_engineering
translate categorical columns in dataframe,encode_categorical
clean spelling in string columns,correct_spelling
how does the laundry work,unknown_intent
adjust numeric features,scale_numerical
get rid of redundant rows,remove_duplicates
apply format to entries,standardize_data
map categorical features to numerical values in column amount,encode_categorical
encode string variables using ordinal encoding,encode_categorical
determine attributes using mutual information,feature_selection
convert numerical values with z-score,scale_numerical
paint the my hair,unknown_intent
transform column types,fix_data_types
transform numerical values in id column,scale_numerical
construct additional features using polynomial features,feature_engineering
transform categorical variables,encode_categorical
normalize numeric features,scale_numerical
convert type definitions to date,fix_data_types
scale numeric variables with z-score across all features,scale_numerical
please grill,unknown_intent
clean spelling errors,correct_spelling
modify variable types,fix_data_types
select relevant features target column: score for modeling,feature_selection
convert numeric columns,scale_numerical
data conflicts should be resolve,remove_inconsistencies
drop redundant rows by column income,remove_duplicates
fix incorrect spellings in text columns,correct_spelling
convert field types to category,fix_data_types
transform categorical columns in price column,encode_categorical
using boxplot method to clean outliers,detect_outliers
retain all outliers,keep_outliers
align text using standards,standardize_data
correct all incorrect spellings,correct_spelling
apply to unit variance to numeric features,scale_numerical
fix column formats,fix_data_types
align values across dataset,standardize_data
normalize date formats using template in salary column,standardize_data
eliminate data conflicting values,remove_inconsistencies
clean extreme observations with z-score,detect_outliers
scale quantitative variables to unit variance,scale_numerical
adjust all numeric variables,scale_numerical
choose top predictors for prediction,feature_selection
get rid of outliers with isolation forest,detect_outliers
harmonize data using standards in all columns,standardize_data
don't preserve abnormal data,keep_outliers
from data discard redundant rows,remove_duplicates
keep anomalous data,keep_outliers
based on id delete duplicate data,remove_duplicates
leave all extreme values,keep_outliers
choose top predictors,feature_selection
by combining features to engineer additional features,feature_engineering
using mode for missing entries,handle_missing_values
remove all anomalous data,detect_outliers
where is the news,unknown_intent
convert continuous features,scale_numerical
correct data conflicts in the dataset,remove_inconsistencies
design engineered features by interaction for modeling,feature_engineering
discard anomalous data in column user_id,detect_outliers
impute missing entries,handle_missing_values
standardize labels,standardize_data
i want to drink lunch,unknown_intent
climb,unknown_intent
i need to sing,unknown_intent
using boxplot method to exclude extreme observations,detect_outliers
typographical errors should be clean,correct_spelling
fix spelling mistakes across all text,correct_spelling
adjust spelling in column amount,correct_spelling
remove anomalous data using 3-sigma rule,detect_outliers
eliminate outlier entries with isolation forest,detect_outliers
align labels by convention in the dataset,standardize_data
with robust scaling for numeric variables,scale_numerical
standardize numeric features,scale_numerical
impute empty entries in data,handle_missing_values
convert field types for user_id,fix_data_types
generate engineered features,feature_engineering
set data types to category in the dataset,fix_data_types
pick relevant features that predict name,feature_selection
convert categorical variables using ordinal encoding in column years_experience,encode_categorical
standardize continuous features using normalization in dataframe,scale_numerical
address discrepancies,remove_inconsistencies
structure data in the dataset,standardize_data
structure all data,standardize_data
drop duplicates,remove_duplicates
retain abnormal data intact,keep_outliers
column types should be fix,fix_data_types
with z-score to get rid of anomalies,detect_outliers
deal with data conflicts from data,remove_inconsistencies
remove conflicting entries in naming,remove_inconsistencies
adjust text errors,correct_spelling
remove outlier entries from the data,detect_outliers
discard duplicate data in dataframe,remove_duplicates
extract best features for predicting income,feature_selection
create custom new attributes,feature_engineering
apply structure to data,standardize_data
rescale continuous features to 0-1 range,scale_numerical
retain all unusual values,keep_outliers
organize,unknown_intent
using IQR to discard extreme points,detect_outliers
perform feature selection predicting customer_id,feature_selection
standardize spelling in string columns,correct_spelling
resolve mismatches in column score,remove_inconsistencies
map string variables to integers in income column,encode_categorical
correct misspellings in column price,correct_spelling
normalize data across columns,standardize_data
standardize incorrect spellings in column age,correct_spelling
determine top predictors that predict amount,feature_selection
create feature columns with feature crosses to improve performance,feature_engineering
identify extreme data points using 3-sigma rule from the data,detect_outliers
map categorical variables using target encoding in dataframe,encode_categorical
adjust numerical values,scale_numerical
eliminate repeated rows,remove_duplicates
design additional features by binning,feature_engineering
discard anomalous data,detect_outliers
perform feature selection related to amount,feature_selection
build additional features,feature_engineering
build new attributes,feature_engineering
adjust text spelling,correct_spelling
transform variable types to numeric,fix_data_types
with isolation forest to clean extreme observations,detect_outliers
clean typos in string columns,correct_spelling
retain outlier rows as they are,keep_outliers
perform feature selection using category as target,feature_selection
manage missing values in the dataset,handle_missing_values
convert types to datetime in the dataset,fix_data_types
discard repeated entries from data,remove_duplicates
get features using importance,feature_selection
please catch my homework,unknown_intent
harmonize categories in the dataset,standardize_data
remove all contradictions,remove_inconsistencies
select useful features for target price for classification,feature_selection
deduplicate redundant rows considering salary,remove_duplicates
standardize numeric data using normalization across all features,scale_numerical
remove anomalous data by percentile in name column,detect_outliers
extract new features using transformations for the model,feature_engineering
duplicate data should be filter,remove_duplicates
using label encoding for text columns,encode_categorical
manage blank entries by backward fill in column salary,handle_missing_values
modify column formats to categorical for age,fix_data_types
cast variable types to boolean in dataframe,fix_data_types
where is the top,unknown_intent
time to eat,unknown_intent
choose key features relevant to amount,feature_selection
clean extreme points using standard deviation from dataframe,detect_outliers
encode all categorical data,encode_categorical
address missing values in the dataset,handle_missing_values
retain abnormal data,keep_outliers
transform continuous variables using max-abs scaling,scale_numerical
get rid of outlier records across all features,detect_outliers
fry for me please,unknown_intent
detect unusual values using DBSCAN,detect_outliers
amend spelling in text columns,correct_spelling
impute undefined values in the dataset,handle_missing_values
transform column types to category,fix_data_types
chop for me please,unknown_intent
extreme points must be don't delete,keep_outliers
climb today,unknown_intent
get key features that predict user_id,feature_selection
tidy for me,unknown_intent
don't delete all anomalies,keep_outliers
pick significant features for predicting price,feature_selection
apply to integers to non-numeric columns,encode_categorical
outlier records should be save,keep_outliers
fix all NaNs,handle_missing_values
column formats should be modify,fix_data_types
i want to scrub,unknown_intent
apply structure to labels,standardize_data
structure data to consistent format in column name,standardize_data
by statistical method to delete extreme observations,detect_outliers
change datatypes to str,fix_data_types
bake basketball,unknown_intent
create custom custom features,feature_engineering
detect outlier entries using IQR in salary column,detect_outliers
make consistent entries to uniform format,standardize_data
deal with nulls in data,handle_missing_values
cast datatypes to integer,fix_data_types
using domain knowledge to create derived features,feature_engineering
convert categorical features to integers,encode_categorical
remove and identify anomalies,detect_outliers
modify types,fix_data_types
duplicate rows should be filter,remove_duplicates
outlier records should be don't delete,keep_outliers
dtypes should be cast,fix_data_types
standardize categories across columns,standardize_data
exclude anomalies with z-score,detect_outliers
steam for me please,unknown_intent
select best features that predict rating,feature_selection
can you fly my hands,unknown_intent
align data in column age,standardize_data
draw today,unknown_intent
anomalies should be leave,keep_outliers
transform quantitative variables for all numeric columns,scale_numerical
extract additional features to improve performance,feature_engineering
i want to freeze,unknown_intent
drop duplicate records from data,remove_duplicates
fix contradictions in dataframe,remove_inconsistencies
let us build,unknown_intent
don't remove extreme values untouched,keep_outliers
i want to write,unknown_intent
extract custom new attributes,feature_engineering
replace empty cells in the data,handle_missing_values
fix all misspellings,correct_spelling
using transformations to build feature columns,feature_engineering
remove outlier records with MAD method,detect_outliers
deal with conflicting values,remove_inconsistencies
set field types to float in the dataset,fix_data_types
choose relevant best attributes for column rating,feature_selection
eliminate conflicting values in the dataset,remove_inconsistencies
fix spelling mistakes in text columns,correct_spelling
align all formats,standardize_data
how does the house work,unknown_intent
choose top features relevant to salary,feature_selection
engineer custom features from existing columns,feature_engineering
translate text columns with one-hot encoding in the dataset,encode_categorical
address empty cells using linear interpolation,handle_missing_values
why is a book,unknown_intent
perform feature selection based on id,feature_selection
fix column types in user_id column,fix_data_types
deal with NA values by mode,handle_missing_values
address data contradictions,remove_inconsistencies
standardize all spelling,correct_spelling
don't remove extreme points for review,keep_outliers
with aggregations to build feature variables,feature_engineering
from dataset delete duplicate rows,remove_duplicates
structure all values,standardize_data
regularize all columns,standardize_data
clean contradictions in date formats,remove_inconsistencies
based on years_experience get rid of repeated records,remove_duplicates
set data types for all columns,fix_data_types
i need to drink,unknown_intent
rectify spelling errors across all text,correct_spelling
don't delete anomalous data as they are,keep_outliers
using target encoding for categorical data,encode_categorical
based on user_id deduplicate repeated records,remove_duplicates
column formats should be set,fix_data_types
using label encoding for categorical columns,encode_categorical
standardize text errors in column user_id,correct_spelling
tell me about the dog,unknown_intent
fix types,fix_data_types
apply structure to text,standardize_data
correct irregular data in values,remove_inconsistencies
convert numerical data,scale_numerical
convert string variables,encode_categorical
regularize formats,standardize_data
resolve irregular data in id column,remove_inconsistencies
where is football,unknown_intent
detect unusual values from dataframe,detect_outliers
from existing columns to engineer new features,feature_engineering
impute null values,handle_missing_values
build feature variables by combining features,feature_engineering
change data types to string,fix_data_types
standardize all text mistakes,correct_spelling
create feature variables with aggregations for ML,feature_engineering
how does the bed work,unknown_intent
eliminate all identical rows,remove_duplicates
align entries,standardize_data
read for me please,unknown_intent
change text features,encode_categorical
build features with aggregations for analysis,feature_engineering
get rid of duplicate data considering category,remove_duplicates
pick predictors with filter method for regression,feature_selection
impute empty entries by dropping rows in the dataset,handle_missing_values
from dataset clean duplicate data,remove_duplicates
discard repeated rows from the data,remove_duplicates
get significant features related to income for modeling,feature_selection
adjust variable types to object,fix_data_types
process missing data in data,handle_missing_values
derive feature variables for ML,feature_engineering
using name filter duplicates,remove_duplicates
don't remove anomalous data for investigation,keep_outliers
can you polish the bathroom,unknown_intent
by embedded method to choose predictors,feature_selection
remove extreme points across all features,detect_outliers
delete duplicates considering years_experience,remove_duplicates
select top 10 significant features for column years_experience,feature_selection
convert dtypes to string,fix_data_types
adjust text typos,correct_spelling
outlier rows should be maintain,keep_outliers
transform data formats to int in name column,fix_data_types
delete and eliminate extreme values,detect_outliers
correct data data inconsistencies,remove_inconsistencies
considering score discard identical rows,remove_duplicates
manage missing data with constant value in numeric columns,handle_missing_values
select important features with target column years_experience for classification,feature_selection
map categories in the dataset,encode_categorical
standardize text typos,correct_spelling
eliminate anomalies with isolation forest,detect_outliers
clean text mistakes in column id,correct_spelling
amend all text mistakes,correct_spelling
update column formats to boolean in dataframe,fix_data_types
fix undefined values in data,handle_missing_values
resolve all conflicting values,remove_inconsistencies
apply regularize to labels,standardize_data
create feature columns from existing columns for analysis,feature_engineering
clean repeated rows from data,remove_duplicates
generate engineered features by mathematical operations,feature_engineering
perform feature selection with target column customer_id,feature_selection
filter duplicate rows from data,remove_duplicates
scale continuous features using min-max scaling across all features,scale_numerical
with StandardScaler for numeric variables,scale_numerical
using transformations to generate features,feature_engineering
convert dtypes to int,fix_data_types
build additional features by interaction,feature_engineering
filter out and detect extreme values,detect_outliers
derive additional features,feature_engineering
apply unify to text,standardize_data
incorrect spellings should be repair,correct_spelling
transform string variables using label encoding,encode_categorical
remove unusual values using 3-sigma rule across all features,detect_outliers
i like to walk,unknown_intent
run feature selection with statistical tests target column: amount,feature_selection
inconsistent data should be deal with,remove_inconsistencies
filter repeated entries from data,remove_duplicates
fix type definitions to numeric across columns,fix_data_types
remove data irregular entries,remove_inconsistencies
extreme points must be don't remove,keep_outliers
format values in all columns,standardize_data
design features for analysis,feature_engineering
repeated entries should be deduplicate,remove_duplicates
with z-score for quantitative variables,scale_numerical
clean all inconsistent data,remove_inconsistencies
modify column formats,fix_data_types
can you steam an email,unknown_intent
by binning to design additional features,feature_engineering
remove irregular entries,remove_inconsistencies
change field types to category,fix_data_types
delete identical rows using price,remove_duplicates
discard all abnormal data,detect_outliers
align data in dataframe,standardize_data
apply to unit variance to numeric columns,scale_numerical
address data conflicts in values,remove_inconsistencies
fix text text errors,correct_spelling
align all categories,standardize_data
develop new features,feature_engineering
design new attributes with aggregations for better accuracy,feature_engineering
detect and filter out outlier records,detect_outliers
leave outlier rows for analysis,keep_outliers
design new features from existing columns for the model,feature_engineering
convert numeric columns to 0-1 range,scale_numerical
determine best features for prediction of customer_id,feature_selection
rectify text misspellings,correct_spelling
extreme points must be leave,keep_outliers
scale numerical data to unit variance,scale_numerical
using transformations to construct new features,feature_engineering
translate categorical variables with frequency encoding,encode_categorical
cast data formats to datetime for user_id,fix_data_types
create custom features,feature_engineering
encode all non-numeric columns,encode_categorical
duplicate entries should be remove,remove_duplicates
repeated records should be discard,remove_duplicates
apply using normalization to numerical values,scale_numerical
why is a game,unknown_intent
can you steam,unknown_intent
irregular data should be correct,remove_inconsistencies
create feature variables using polynomial features,feature_engineering
adjust quantitative variables using normalization in price column,scale_numerical
format categories to consistent format,standardize_data
find best 20 predictors,feature_selection
convert column types to category,fix_data_types
clean redundant rows,remove_duplicates
extract top 10 important features for column amount,feature_selection
find attributes using importance,feature_selection
extract custom features with aggregations for the model,feature_engineering
correct dtypes in the dataset,fix_data_types
convert data formats to str,fix_data_types
in the table get rid of duplicate entries,remove_duplicates
transform numerical values using min-max scaling,scale_numerical
don't retain abnormal data,keep_outliers
make consistent fields in the dataset,standardize_data
types should be transform,fix_data_types
eliminate all repeated rows,remove_duplicates
duplicates should be eliminate,remove_duplicates
vacuum for me,unknown_intent
incorrect spellings should be adjust,correct_spelling
scale numeric columns in column salary,scale_numerical
find extreme values with z-score in numeric columns,detect_outliers
pick top predictors with filter method for rating,feature_selection
exclude abnormal data from id,detect_outliers
extreme values should be leave,keep_outliers
develop feature variables by interaction for better accuracy,feature_engineering
transform numerical features,scale_numerical
process all missing values,handle_missing_values
adjust all text errors,correct_spelling
clean outlier rows,detect_outliers
repair typos across all text,correct_spelling
eliminate anomalies,detect_outliers
save all extreme points,keep_outliers
clean data irregular data,remove_inconsistencies
select features using income as target for analysis,feature_selection
generate new attributes for better accuracy,feature_engineering
apply with StandardScaler to continuous features,scale_numerical
from dataset deduplicate redundant rows,remove_duplicates
choose most important attributes,feature_selection
build feature variables with aggregations for better accuracy,feature_engineering
choose best features,feature_selection
time to play,unknown_intent
identify and remove extreme values,detect_outliers
generate feature variables by binning,feature_engineering
clean inconsistent data across columns,remove_inconsistencies
translate categorical data to integers,encode_categorical
normalize all fields,standardize_data
transform variable types in score column,fix_data_types
standardize all naming conventions,standardize_data
create feature variables by mathematical operations,feature_engineering
treat all undefined values,handle_missing_values
can you run the garden,unknown_intent
transform datatypes,fix_data_types
please build a song,unknown_intent
encode category columns to integers,encode_categorical
eliminate inconsistent data in the dataset,remove_inconsistencies
construct engineered features with feature crosses for modeling,feature_engineering
adjust incorrect spellings in dataframe,correct_spelling
apply normalize to naming conventions,standardize_data
derive feature variables by combining features for the model,feature_engineering
replace nulls using mode,handle_missing_values
design custom engineered features,feature_engineering
convert numerical features using MinMax in score column,scale_numerical
leave outlier records for further analysis,keep_outliers
determine best features based on salary,feature_selection
transform all string variables,encode_categorical
standardize numeric features to 0-1 range in rating column,scale_numerical
standardize numeric columns to unit variance in column salary,scale_numerical
find significant features for the model,feature_selection
replace NA values,handle_missing_values
fix all mismatches,remove_inconsistencies
translate categorical features with frequency encoding in the dataset,encode_categorical
transform numerical features with z-score,scale_numerical
replace NaNs in data,handle_missing_values
address empty cells in numeric columns,handle_missing_values
i like to catch,unknown_intent
regularize formats in all columns,standardize_data
what is beer,unknown_intent
remove mismatches,remove_inconsistencies
standardize date formats to common format in column age,standardize_data
save all outliers,keep_outliers
identify abnormal data in rating column,detect_outliers
nulls should be handle,handle_missing_values
outlier rows should be leave,keep_outliers
extreme values should be save,keep_outliers
resolve data inconsistencies in formats,remove_inconsistencies
format columns using template in column name,standardize_data
cast data formats,fix_data_types
unify values,standardize_data
with isolation forest to identify outlier entries,detect_outliers
delete duplicate observations from the data,remove_duplicates
standardize incorrect spellings in string columns,correct_spelling
fix all blank entries,handle_missing_values
generate custom feature variables,feature_engineering
harmonize text in column salary,standardize_data
in dataframe clean repeated rows,remove_duplicates
irregular data should be fix,remove_inconsistencies
convert continuous features using MinMax in the dataset,scale_numerical
find top predictors for target column: amount for training,feature_selection
convert column types to object,fix_data_types
retain all extreme values,keep_outliers
update column types to int in the dataset,fix_data_types
eliminate data irregular entries,remove_inconsistencies
based on id get rid of identical rows,remove_duplicates
discard repeated entries,remove_duplicates
convert types to datetime,fix_data_types
how to chop,unknown_intent
fill all blank entries,handle_missing_values
spelling should be amend,correct_spelling
find all extreme observations,detect_outliers
select predictors using importance using customer_id as target,feature_selection
don't delete outliers for analysis,keep_outliers
standardize numeric data to 0-1 range,scale_numerical
i want to draw tea,unknown_intent
leave unusual values in dataset,keep_outliers
get relevant useful features for column customer_id,feature_selection
run feature selection by correlation target: income,feature_selection
change categorical columns in column date,encode_categorical
fill NaNs from customer_id,handle_missing_values
change categorical columns in the dataset,encode_categorical
map all categorical columns,encode_categorical
clean extreme values using IQR,detect_outliers
apply to dummy variables to categorical variables,encode_categorical
normalize numeric columns to unit variance in dataframe,scale_numerical
listen today,unknown_intent
identify top features for predicting user_id,feature_selection
swim,unknown_intent
eliminate all extreme observations,detect_outliers
correct irregular entries from the data,remove_inconsistencies
handle mismatches,remove_inconsistencies
convert field types to numeric,fix_data_types
discard all repeated records,remove_duplicates
don't preserve outliers,keep_outliers
in dataframe drop duplicates,remove_duplicates
apply normalize to columns,standardize_data
ensure correct column types,fix_data_types
using mutual information to pick best features,feature_selection
manage missing values in data,handle_missing_values
deduplicate duplicate records,remove_duplicates
filter out outliers,detect_outliers
pick best features,feature_selection
with frequency encoding for text columns,encode_categorical
by correlation to choose top predictors,feature_selection
don't delete outlier rows,keep_outliers
fill missing entries by backward fill in the dataset,handle_missing_values
find top-k significant features,feature_selection
normalize labels using template,standardize_data
let us paint,unknown_intent
repair incorrect spellings in text columns,correct_spelling
set datatypes across columns,fix_data_types
normalize columns,standardize_data
anomalies should be maintain,keep_outliers
can you walk a text,unknown_intent
normalize numerical features in column price,scale_numerical
normalize numeric variables with robust scaling,scale_numerical
encode non-numeric columns in column customer_id,encode_categorical
extract new features for ML,feature_engineering
to numerical values for categorical features,encode_categorical
remove outliers,detect_outliers
based on income drop duplicate observations,remove_duplicates
replace blank entries in data,handle_missing_values
pick most important attributes,feature_selection
data types should be update,fix_data_types
set datatypes,fix_data_types
mop the my face,unknown_intent
extract derived features from existing columns to improve performance,feature_engineering
clean spelling mistakes across all text,correct_spelling
convert all quantitative variables,scale_numerical
replace missing cells across all columns,handle_missing_values
what about a letter,unknown_intent
by interaction to generate additional features,feature_engineering
adjust types to date,fix_data_types
resolve data inconsistencies in column user_id,remove_inconsistencies
transform numeric features in column date,scale_numerical
adjust quantitative variables to 0-1 range,scale_numerical
rescale numerical features in column price,scale_numerical
detect extreme points in numeric columns,detect_outliers
standardize the data,standardize_data
standardize data,standardize_data
please standardize the data,standardize_data
can you standardize this data,standardize_data
standardise data,standardize_data
standardize all columns,standardize_data
standardize the dataset,standardize_data
standardize labels,standardize_data
standardize the formatting,standardize_data
standardize my data,standardize_data
make data standard,standardize_data
standardise dataset,standardize_data
standardize the inputs,standardize_data
apply standardization,standardize_data
standardize values,standardize_data
standardize records,standardize_data
perform data standardization,standardize_data
run standardize data,standardize_data
standardize everything,standardize_data
standardize the fields,standardize_data
i need to standardize the data,standardize_data
standardize this file,standardize_data
standardise all labels,standardize_data
standardize column names,standardize_data
standardize data format,standardize_data
normalize data,standardize_data
normalize the data,standardize_data
normalize dataset,standardize_data
normalise data,standardize_data
please normalize the data,standardize_data
normalize labels,standardize_data
normalize all columns,standardize_data
normalize formatting,standardize_data
apply data normalization,standardize_data
normalize values,standardize_data
normalize records,standardize_data
run normalization,standardize_data
normalize my dataset,standardize_data
normalise the inputs,standardize_data
normalize everything,standardize_data
make data normal,standardize_data
normalize the fields,standardize_data
normalize column formats,standardize_data
normalize text data,standardize_data
dataset normalization,standardize_data
normalize this file,standardize_data
normalise all labels,standardize_data
normalize table,standardize_data
normalize inputs,standardize_data
data normalization,standardize_data
align data,standardize_data
align labels,standardize_data
align all data,standardize_data
align dataset,standardize_data
align columns,standardize_data
please align the labels,standardize_data
align the formatting,standardize_data
align values,standardize_data
align records,standardize_data
make labels align,standardize_data
align my data,standardize_data
align the inputs,standardize_data
align text formatting,standardize_data
align column formats,standardize_data
align everything,standardize_data
align the fields,standardize_data
align table data,standardize_data
align the dataset,standardize_data
align this file,standardize_data
align data formats,standardize_data
data alignment,standardize_data
apply alignment,standardize_data
run data alignment,standardize_data
align values consistently,standardize_data
align all fields,standardize_data
format data,standardize_data
reformat data,standardize_data
format dataset,standardize_data
format columns,standardize_data
format labels,standardize_data
fix data formatting,standardize_data
correct the formatting,standardize_data
make format consistent,standardize_data
format the records,standardize_data
apply standard formatting,standardize_data
format the inputs,standardize_data
reformat dataset,standardize_data
format table,standardize_data
format all columns,standardize_data
reformat the fields,standardize_data
format values,standardize_data
correct data formats,standardize_data
fix formatting issues,standardize_data
standardize format,standardize_data
format the text,standardize_data
reformat all data,standardize_data
apply formatting rules,standardize_data
format the file,standardize_data
fix formatting,standardize_data
format my data,standardize_data
make data consistent,standardize_data
ensure consistent formatting,standardize_data
make dataset uniform,standardize_data
make labels uniform,standardize_data
uniform data,standardize_data
unify data formats,standardize_data
ensure uniformity,standardize_data
make formats consistent,standardize_data
consistent data,standardize_data
unify the columns,standardize_data
make columns consistent,standardize_data
make values uniform,standardize_data
ensure data is consistent,standardize_data
unify formatting,standardize_data
make everything uniform,standardize_data
make the fields consistent,standardize_data
unify labels,standardize_data
make records uniform,standardize_data
consistent dataset,standardize_data
uniform labels,standardize_data
enforce consistency,standardize_data
enforce uniform formatting,standardize_data
make text consistent,standardize_data
unify the dataset,standardize_data
make it all uniform,standardize_data
clean the formatting,standardize_data
clean data formats,standardize_data
fix the data formats,standardize_data
fix inconsistent data,standardize_data
clean up the labels,standardize_data
fix column formats,standardize_data
clean the labels,standardize_data
fix inconsistent labels,standardize_data
clean up data formatting,standardize_data
repair data formatting,standardize_data
fix the dataset formatting,standardize_data
resolve formatting issues,standardize_data
clean the dataset,standardize_data
fix data structure,standardize_data
clean column names,standardize_data
fix all formats,standardize_data
clean format inconsistencies,standardize_data
correct inconsistent data,standardize_data
clean up the fields,standardize_data
fix label inconsistencies,standardize_data
repair labels,standardize_data
clean the input formats,standardize_data
fix unstandardized data,standardize_data
clean unstandardized labels,standardize_data
fix all inconsistent formatting,standardize_data
standardize dates,standardize_data
standardize text case,standardize_data
make text lowercase,standardize_data
convert to uppercase,standardize_data
standardize capitalization,standardize_data
format dates consistently,standardize_data
fix date formats,standardize_data
align date formats,standardize_data
standardize string formatting,standardize_data
clean up whitespaces,standardize_data
strip whitespace,standardize_data
standardize currency formats,standardize_data
align phone numbers,standardize_data
standardize categorical variables,standardize_data
normalize text fields,standardize_data
standardize numerical formats,standardize_data
format text fields,standardize_data
match casing,standardize_data
uniform date formats,standardize_data
standardize missing values,standardize_data
convert to title case,standardize_data
standardize phone number formats,standardize_data
align currency fields,standardize_data
normalize numerical data,standardize_data
standardize boolean values,standardize_data
run standardization pipeline,standardize_data
execute standardizer,standardize_data
apply standard schema,standardize_data
trigger data standardization,standardize_data
run standardization agent,standardize_data
execute data cleaning pipeline,standardize_data
apply standardization rules,standardize_data
process standard formatting,standardize_data
auto-standardize data,standardize_data
run normalizer,standardize_data
execute formatting pipeline,standardize_data
apply uniform schema,standardize_data
trigger formatting agent,standardize_data
auto-format dataset,standardize_data
run alignment protocol,standardize_data
apply standardization module,standardize_data
process uniform labels,standardize_data
auto-align labels,standardize_data
execute standardisation,standardize_data
run label aligner,standardize_data
apply format rules,standardize_data
trigger standardizer,standardize_data
execute schema alignment,standardize_data
auto-normalize columns,standardize_data
run data normalizer,standardize_data
could you please standardize the dataset,standardize_data
i need you to make the formatting consistent,standardize_data
please align all the labels in this file,standardize_data
can you run the standardization pipeline on this data,standardize_data
i want to normalize the formatting for all columns,standardize_data
please make sure all data formats are uniform,standardize_data
could you fix the inconsistent formatting here,standardize_data
i need all the labels to be standardized,standardize_data
please format the data so it is consistent,standardize_data
can we unify the formatting across the dataset,standardize_data
i need to ensure all fields are standardized,standardize_data
please run the data through the standardizer,standardize_data
could you make the column formats uniform,standardize_data
i would like to standardize all the inputs,standardize_data
please align the formatting of these records,standardize_data
can you apply standard formatting to the file,standardize_data
i need the text fields to be normalized,standardize_data
please fix any unstandardized data,standardize_data
could you ensure consistency in the data labels,standardize_data
i want all records to have uniform formatting,standardize_data
please run data alignment on this table,standardize_data
can you make sure the schema is standardized,standardize_data
i need the dataset to be properly formatted,standardize_data
please clean and standardize the columns,standardize_data
could you normalize the labels for me,standardize_data
std data,standardize_data
norm data,standardize_data
format,standardize_data
standardize,standardize_data
standardise,standardize_data
normalize,standardize_data
align,standardize_data
std dataset,standardize_data
norm labels,standardize_data
fix format,standardize_data
clean format,standardize_data
unify,standardize_data
make consistent,standardize_data
uniform labels,standardize_data
std cols,standardize_data
norm cols,standardize_data
align cols,standardize_data
standardze data,standardize_data
standardiz data,standardize_data
normalze data,standardize_data
allign labels,standardize_data
make std,standardize_data
apply std,standardize_data
run std,standardize_data
standardize df,standardize_data
