{
  "dataset": "restaurant",
  "accuracy_mean": 0.9417255594817433,
  "accuracy_std": 0.006139346469061851,
  "accuracy_scores": [
    0.9399293286219081,
    0.9399293286219081,
    0.9408127208480566,
    0.9408127208480566,
    0.9390459363957597,
    0.9302120141342756,
    0.9381625441696113,
    0.9540636042402827,
    0.9478798586572438,
    0.9469964664310954,
    0.9363957597173145,
    0.9469964664310954,
    0.9540636042402827,
    0.9381625441696113,
    0.9346289752650176,
    0.9434628975265018,
    0.9487632508833922,
    0.9443462897526502,
    0.941696113074205,
    0.9469964664310954,
    0.9363957597173145,
    0.9408127208480566,
    0.9302120141342756,
    0.9443462897526502,
    0.9337455830388692,
    0.946113074204947,
    0.9381625441696113,
    0.9469964664310954,
    0.9478798586572438,
    0.9337455830388692
  ],
  "f1_weighted_mean": 0.9365382100845638,
  "f1_weighted_std": 0.006413185519390496,
  "f1_weighted_scores": [
    0.9348845560076987,
    0.9345857143607963,
    0.9364656238606769,
    0.9359663183560871,
    0.9331906389078662,
    0.9254106447259546,
    0.9329429061384488,
    0.9486931779136384,
    0.9431378289023713,
    0.942473726588794,
    0.9303502824197479,
    0.9424675692247886,
    0.9497804710969074,
    0.9326911365524568,
    0.9284125698313218,
    0.9383212221545303,
    0.9444778465165542,
    0.9385029573567956,
    0.9355685908765982,
    0.9428900925950067,
    0.9313717080562164,
    0.93458266067245,
    0.9251838633812707,
    0.9380251901020958,
    0.9282664463507393,
    0.9417035294231826,
    0.9326442366332258,
    0.9426224869694831,
    0.9423138860460286,
    0.9282184205151778
  ],
  "rows_before": 5658,
  "rows_after": 5658,
  "features_selected": 11763,
  "categorical_features_encoded": [
    "Restaurant Name",
    "City",
    "Address",
    "Locality",
    "Locality Verbose",
    "Cuisines",
    "Currency",
    "Has Table booking",
    "Has Online delivery",
    "Is delivering now",
    "Switch to order menu",
    "Rating color",
    "Rating text"
  ],
  "duplicates_removed": 0,
  "outliers_removed": 0,
  "input": "cleaned_datasets\\restaurant.csv",
  "target": "Price range"
}