{
  "dataset": "restaurant",
  "accuracy_mean": 0.9699256110520724,
  "accuracy_std": 0.0048633248439233275,
  "accuracy_scores": [
    0.9649309245483528,
    0.9638682252922423,
    0.9659936238044633,
    0.9649309245483528,
    0.9649309245483528,
    0.973432518597237,
    0.973432518597237,
    0.9670563230605739,
    0.9702444208289054,
    0.975557917109458,
    0.9702444208289054,
    0.9596174282678002,
    0.9787460148777896,
    0.9744952178533475,
    0.9691817215727949,
    0.9702444208289054,
    0.9787460148777896,
    0.9798087141339001,
    0.9649309245483528,
    0.973432518597237,
    0.9670563230605739,
    0.9638682252922423,
    0.9702444208289054,
    0.9691817215727949,
    0.9744952178533475,
    0.9702444208289054,
    0.9681190223166843,
    0.973432518597237,
    0.9659936238044633,
    0.971307120085016
  ],
  "f1_weighted_mean": 0.9666976246860987,
  "f1_weighted_std": 0.005920737024624243,
  "f1_weighted_scores": [
    0.9611518258945747,
    0.9590375043367705,
    0.9611018803691632,
    0.9617867685034932,
    0.9604898887422251,
    0.9711879170171013,
    0.9709511099165943,
    0.9624807972298643,
    0.9673134467429626,
    0.9732758525616133,
    0.9669911715755554,
    0.9540502114677171,
    0.9772546401567049,
    0.9719829543511106,
    0.9656056445542889,
    0.9669978616100543,
    0.9774628026630877,
    0.9785020463676876,
    0.9601007864146662,
    0.9709520136539276,
    0.9632137478304286,
    0.9597580560814699,
    0.9679058161963363,
    0.9653016088537006,
    0.9719829543511106,
    0.9682326428035932,
    0.9646234887053465,
    0.9714506660183302,
    0.9614568826181373,
    0.9683257529953466
  ],
  "rows_before": 9551,
  "rows_after": 4704,
  "features_selected": 9399,
  "categorical_features_encoded": [
    "Restaurant Name",
    "City",
    "Address",
    "Locality",
    "Locality Verbose",
    "Cuisines",
    "Currency",
    "Has Table booking",
    "Has Online delivery",
    "Is delivering now",
    "Switch to order menu",
    "Rating color",
    "Rating text"
  ],
  "duplicates_removed": 0,
  "outliers_removed": 4847,
  "missing_target_rows_removed": 0,
  "input": "datasets\\restaurant.csv",
  "target": "Price range"
}