{
  "dataset": "restaurant",
  "experiment": "raw_minimal",
  "accuracy_mean": 0.8967381824524682,
  "accuracy_std": 0.007767858665984234,
  "accuracy_scores": [
    0.8974358974358975,
    0.901622187336473,
    0.892203035060178,
    0.9136577708006279,
    0.9047619047619048,
    0.8859236002093145,
    0.8932496075353218,
    0.8937728937728938,
    0.9000523286237572,
    0.8974358974358975,
    0.8927263212977499,
    0.9094714809000524,
    0.8885400313971743,
    0.8990057561486133,
    0.8953427524856097,
    0.9068550497121926,
    0.8984824699110413,
    0.8864468864468864,
    0.8963893249607535,
    0.892203035060178,
    0.9047619047619048,
    0.9084249084249084,
    0.891156462585034,
    0.8969126111983254,
    0.9089481946624803,
    0.8880167451596023,
    0.8984824699110413,
    0.8854003139717426,
    0.8848770277341705,
    0.8895866038723181
  ],
  "f1_weighted_mean": 0.8929831136983127,
  "f1_weighted_std": 0.008129868533093209,
  "f1_weighted_scores": [
    0.8941332426783662,
    0.8979097362030938,
    0.8893339625707027,
    0.9107231633385879,
    0.9018428039881071,
    0.8819360846574137,
    0.8911000382341571,
    0.8895049756373425,
    0.8961993376838169,
    0.8932811252958149,
    0.8885752011835604,
    0.9048329776716785,
    0.8834660295001275,
    0.896460834337402,
    0.891928250933097,
    0.9029472084380542,
    0.8938449466290344,
    0.8826911095868898,
    0.8930224436407742,
    0.889842745471,
    0.9017340675145217,
    0.9042953451765977,
    0.8883601315420508,
    0.8911754071403764,
    0.9063838169251363,
    0.8839980561655574,
    0.8963717637952021,
    0.8802058086107898,
    0.8802556324003493,
    0.8831371639997868
  ],
  "rows_before": 9551,
  "rows_after": 9551,
  "features_selected": 17316,
  "categorical_features_encoded": [
    "Restaurant Name",
    "City",
    "Address",
    "Locality",
    "Locality Verbose",
    "Cuisines",
    "Currency",
    "Has Table booking",
    "Has Online delivery",
    "Is delivering now",
    "Switch to order menu",
    "Rating color",
    "Rating text"
  ],
  "duplicates_removed": 0,
  "outliers_removed": 0,
  "input": "datasets\\restaurant.csv",
  "target": "Price range"
}